caseyear,state,st_case,statename,ve_total,ve_forms,pvh_invl,peds,pernotmvit,permvit,persons,county,countyname,city,cityname,day,dayname,month,monthname,year,day_week,day_weekname,hour,hourname,minute,minutename,nhs,nhsname,rur_urb,rur_urbname,func_sys,func_sysname,rd_owner,rd_ownername,route,routename,tway_id,tway_id2,milept,mileptname,latitude,latitudename,longitud,longitudname,sp_jur,sp_jurname,harm_ev,harm_evname,man_coll,man_collname,reljct1,reljct1name,reljct2,reljct2name,typ_int,typ_intname,wrk_zone,wrk_zonename,road_fnc,road_fncname,rel_road,rel_roadname,lgt_cond,lgt_condname,weather1,weather1name,weather2,weather2name,weather,weathername,sch_bus,sch_busname,rail,railname,not_hour,not_hourname,not_min,not_minname,arr_hour,arr_hourname,arr_min,arr_minname,hosp_hr,hosp_hrname,hosp_mn,hosp_mnname,cf1,cf1name,cf2,cf2name,cf3,cf3name,fatals,drunk_dr
2018,35,350105,New Mexico,1,1,0,1,1,2,2,1,BERNALILLO (1),0,NOT APPLICABLE,6,6,5,May,2018,1,Sunday,21,9:00pm-9:59pm,41,41,1,This section IS ON the NHS,1,Rural,1,Interstate,1,State Highway Agency,1,Interstate,I-25,,99998,Not Reported,34.89301111,34.89301111,-106.726736100,-106.72673611,3,Indian Reservation,8,Pedestrian,0,Not a Collision with Motor Vehicle In-Transport,0,No,1,Non-Junction,1,Not an Intersection,0,None,,,1,On Roadway,2,Dark - Not Lighted,1,Clear,0,No Additional Atmospheric Conditions,1,Clear,0,No,0000000,Not Applicable,99,Unknown,99,Unknown,99,Unknown EMS Scene Arrival Hour,99,Unknown EMS Scene Arrival Minutes,88,Not Applicable (Not Transported),88,Not Applicable (Not Transported),23,Indication of a Stalled/Disabled Vehicle,0,None,0,None,1,0
2018,35,350106,New Mexico,2,2,0,0,0,2,2,49,SANTA FE (49),710,SANTA FE,10,10,5,May,2018,5,Thursday,6,6:00am-6:59am,12,12,1,This section IS ON the NHS,2,Urban,3,Principal Arterial - Other,1,State Highway Agency,2,U.S. Highway,US-84 ST FRANCIS DR,ALTA VISTA ST,99998,Not Reported,35.67098611,35.67098611,-105.955100000,-105.955100000,0,No Special Jurisdiction,12,Motor Vehicle In-Transport,6,Angle,0,No,2,Intersection,2,Four-Way Intersection,0,None,,,1,On Roadway,1,Daylight,1,Clear,0,No Additional Atmospheric Conditions,1,Clear,0,No,0000000,Not Applicable,6,6:00am-6:59am,16,16,6,6:00am-6:59am,19,19,6,6:00am-6:59am,39,39,0,None,0,None,0,None,1,0
2018,35,350107,New Mexico,1,1,0,1,1,1,1,25,LEA (25),0,NOT APPLICABLE,18,18,5,May,2018,6,Friday,4,4:00am-4:59am,32,32,0,This section IS NOT on the NHS,1,Rural,5,Major Collector,1,State Highway Agency,3,State Highway,SR-248,,99998,Not Reported,32.45823611,32.45823611,-103.159452800,-103.15945278,0,No Special Jurisdiction,8,Pedestrian,0,Not a Collision with Motor Vehicle In-Transport,0,No,1,Non-Junction,1,Not an Intersection,0,None,,,1,On Roadway,2,Dark - Not Lighted,1,Clear,0,No Additional Atmospheric Conditions,1,Clear,0,No,0000000,Not Applicable,4,4:00am-4:59am,25,25,4,4:00am-4:59am,34,34,88,Not Applicable (Not Transported),88,Not Applicable (Not Transported),0,None,0,None,0,None,1,0
2018,35,350108,New Mexico,1,1,0,0,0,1,1,45,SAN JUAN (45),0,NOT APPLICABLE,21,21,5,May,2018,2,Monday,12,12:00pm-12:59pm,21,21,1,This section IS ON the NHS,1,Rural,3,Principal Arterial - Other,1,State Highway Agency,2,U.S. Highway,US-550,,99998,Not Reported,36.52408333,36.52408333,-107.953144400,-107.95314444,0,No Special Jurisdiction,1,Rollover/Overturn,0,Not a Collision with Motor Vehicle In-Transport,0,No,1,Non-Junction,1,Not an Intersection,0,None,,,4,On Roadside,1,Daylight,1,Clear,0,No Additional Atmospheric Conditions,1,Clear,0,No,0000000,Not Applicable,12,12:00pm-12:59pm,18,18,12,12:00pm-12:59pm,32,32,88,Not Applicable (Not Transported),88,Not Applicable (Not Transported),0,None,0,None,0,None,1,0
2018,35,350109,New Mexico,2,2,0,0,0,5,5,45,SAN JUAN (45),70,AZTEC,7,7,5,May,2018,2,Monday,17,5:00pm-5:59pm,27,27,0,This section IS NOT on the NHS,1,Rural,5,Major Collector,2,County Highway Agency,4,County Road,CR-3150,,99998,Not Reported,36.75131944,36.75131944,-108.063136100,-108.06313611,0,No Special Jurisdiction,5,Fell/Jumped from Vehicle,0,Not a Collision with Motor Vehicle In-Transport,0,No,1,Non-Junction,1,Not an Intersection,0,None,,,1,On Roadway,1,Daylight,1,Clear,0,No Additional Atmospheric Conditions,1,Clear,0,No,0000000,Not Applicable,17,5:00pm-5:59pm,30,30,17,5:00pm-5:59pm,39,39,18,6:00pm-6:59pm,0,0,14,"Motor Vehicle struck by falling cargo,or something that came loose from or something that was set in motion by a vehicle",0,None,0,None,1,0
2018,35,350110,New Mexico,1,1,0,1,1,1,1,13,DONA ANA (13),470,LAS CRUCES,21,21,5,May,2018,2,Monday,23,11:00pm-11:59pm,57,57,1,This section IS ON the NHS,2,Urban,3,Principal Arterial - Other,4,City or Municipal Highway Agency,6,Local Street - Municipality,E LOHMAN AVE,,99998,Not Reported,32.30886111,32.30886111,-106.764625000,-106.764625000,0,No Special Jurisdiction,8,Pedestrian,0,Not a Collision with Motor Vehicle In-Transport,0,No,1,Non-Junction,1,Not an Intersection,0,None,,,1,On Roadway,3,Dark - Lighted,1,Clear,0,No Additional Atmospheric Conditions,1,Clear,0,No,0000000,Not Applicable,23,11:00pm-11:59pm,59,59,0,0:00am-0:59am,2,2,0,0:00am-0:59am,30,30,0,None,0,None,0,None,1,0
2018,35,350111,New Mexico,2,2,0,0,0,3,3,5,CHAVES (5),0,NOT APPLICABLE,22,22,5,May,2018,3,Tuesday,9,9:00am-9:59am,17,17,0,This section IS NOT on the NHS,1,Rural,4,Minor Arterial,1,State Highway Agency,2,U.S. Highway,US-82,,99998,Not Reported,32.86243611,32.86243611,-104.950150000,-104.950150000,0,No Special Jurisdiction,12,Motor Vehicle In-Transport,2,Front-to-Front,0,No,1,Non-Junction,1,Not an Intersection,0,None,,,1,On Roadway,1,Daylight,1,Clear,0,No Additional Atmospheric Conditions,1,Clear,0,No,0000000,Not Applicable,9,9:00am-9:59am,21,21,9,9:00am-9:59am,48,48,10,10:00am-10:59am,37,37,0,None,0,None,0,None,2,0
2018,35,350112,New Mexico,2,2,0,0,0,8,8,15,EDDY (15),130,CARLSBAD,22,22,5,May,2018,3,Tuesday,15,3:00pm-3:59pm,28,28,1,This section IS ON the NHS,1,Rural,3,Principal Arterial - Other,2,County Highway Agency,2,U.S. Highway,US-62,HASTON RD,99998,Not Reported,32.32289722,32.32289722,-104.262844400,-104.26284444,0,No Special Jurisdiction,12,Motor Vehicle In-Transport,6,Angle,0,No,2,Intersection,3,T-Intersection,0,None,,,1,On Roadway,1,Daylight,1,Clear,0,No Additional Atmospheric Conditions,1,Clear,0,No,0000000,Not Applicable,15,3:00pm-3:59pm,31,31,15,3:00pm-3:59pm,42,42,16,4:00pm-4:59pm,23,23,0,None,0,None,0,None,1,0
2018,35,350113,New Mexico,1,1,0,0,0,1,1,55,TAOS (55),664,RED RIVER,26,26,5,May,2018,7,Saturday,1,1:00am-1:59am,20,20,0,This section IS NOT on the NHS,1,Rural,5,Major Collector,1,State Highway Agency,3,State Highway,SR-38,,99998,Not Reported,36.70939167,36.70939167,-105.422961100,-105.42296111,0,No Special Jurisdiction,42,Tree (Standing Only),0,Not a Collision with Motor Vehicle In-Transport,0,No,1,Non-Junction,1,Not an Intersection,0,None,,,4,On Roadside,2,Dark - Not Lighted,1,Clear,0,No Additional Atmospheric Conditions,1,Clear,0,No,0000000,Not Applicable,99,Unknown,98,Unknown if Notified,99,Unknown EMS Scene Arrival Hour,98,Unknown if Arrived,88,Not Applicable (Not Transported),88,Not Applicable (Not Transported),0,None,0,None,0,None,1,1
2018,35,350114,New Mexico,1,1,0,1,1,1,1,1,BERNALILLO (1),30,ALBUQUERQUE,25,25,5,May,2018,6,Friday,21,9:00pm-9:59pm,36,36,1,This section IS ON the NHS,2,Urban,3,Principal Arterial - Other,4,City or Municipal Highway Agency,6,Local Street - Municipality,MENAUL BLVD NE,UNIVERSITY BLVD NE,0,None,35.10912778,35.10912778,-106.623975000,-106.623975000,0,No Special Jurisdiction,8,Pedestrian,0,Not a Collision with Motor Vehicle In-Transport,0,No,3,Intersection-Related,2,Four-Way Intersection,0,None,,,1,On Roadway,3,Dark - Lighted,1,Clear,0,No Additional Atmospheric Conditions,1,Clear,0,No,0000000,Not Applicable,21,9:00pm-9:59pm,38,38,21,9:00pm-9:59pm,43,43,88,Not Applicable (Not Transported),88,Not Applicable (Not Transported),0,None,0,None,0,None,1,0
2018,35,350115,New Mexico,2,2,0,1,1,4,4,45,SAN JUAN (45),310,FARMINGTON,24,24,5,May,2018,5,Thursday,10,10:00am-10:59am,54,54,0,This section IS NOT on the NHS,2,Urban,4,Minor Arterial,4,City or Municipal Highway Agency,6,Local Street - Municipality,W APACHE ST,,0,None,36.73392500,36.73392500,-108.215886100,-108.21588611,0,No Special Jurisdiction,12,Motor Vehicle In-Transport,7,Sideswipe - Same Direction,0,No,1,Non-Junction,1,Not an Intersection,0,None,,,1,On Roadway,1,Daylight,1,Clear,0,No Additional Atmospheric Conditions,1,Clear,0,No,0000000,Not Applicable,10,10:00am-10:59am,55,55,11,11:00am-11:59am,0,0,88,Not Applicable (Not Transported),88,Not Applicable (Not Transported),0,None,0,None,0,None,1,0
2018,35,350116,New Mexico,1,1,0,0,0,1,1,31,MCKINLEY (31),9997,Other,5,5,5,May,2018,7,Saturday,20,8:00pm-8:59pm,55,55,0,This section IS NOT on the NHS,1,Rural,7,Local,62,Bureau of Indian Affairs,9,Unknown,NAVAJO ROUTE 9,,99998,Not Reported,35.96138889,35.96138889,-107.659166700,-107.65916667,3,Indian Reservation,1,Rollover/Overturn,0,Not a Collision with Motor Vehicle In-Transport,0,No,1,Non-Junction,1,Not an Intersection,0,None,,,4,On Roadside,2,Dark - Not Lighted,1,Clear,0,No Additional Atmospheric Conditions,1,Clear,0,No,0000000,Not Applicable,99,Unknown,99,Unknown,99,Unknown EMS Scene Arrival Hour,99,Unknown EMS Scene Arrival Minutes,88,Not Applicable (Not Transported),88,Not Applicable (Not Transported),0,None,0,None,0,None,1,0
2018,35,350117,New Mexico,2,2,0,0,0,3,3,45,SAN JUAN (45),9997,Other,26,26,5,May,2018,7,Saturday,2,2:00am-2:59am,53,53,0,This section IS NOT on the NHS,1,Rural,4,Minor Arterial,62,Bureau of Indian Affairs,9,Unknown,NAVAJO ROUTE 36,NORTHERN EDGE CASINO,99998,Not Reported,36.72079722,36.72079722,-108.257647200,-108.25764722,3,Indian Reservation,12,Motor Vehicle In-Transport,1,Front-to-Rear,0,No,3,Intersection-Related,2,Four-Way Intersection,0,None,,,1,On Roadway,2,Dark - Not Lighted,1,Clear,0,No Additional Atmospheric Conditions,1,Clear,0,No,0000000,Not Applicable,2,2:00am-2:59am,51,51,2,2:00am-2:59am,58,58,88,Not Applicable (Not Transported),88,Not Applicable (Not Transported),0,None,0,None,0,None,2,1
2018,35,350118,New Mexico,1,1,0,0,0,1,1,25,LEA (25),0,NOT APPLICABLE,2,2,6,June,2018,7,Saturday,6,6:00am-6:59am,28,28,1,This section IS ON the NHS,2,Urban,3,Principal Arterial - Other,1,State Highway Agency,3,State Highway,SR-18,,99998,Not Reported,32.87346111,32.87346111,-103.291311100,-103.29131111,0,No Special Jurisdiction,38,Fence,0,Not a Collision with Motor Vehicle In-Transport,0,No,1,Non-Junction,1,Not an Intersection,0,None,,,4,On Roadside,2,Dark - Not Lighted,1,Clear,0,No Additional Atmospheric Conditions,1,Clear,0,No,0000000,Not Applicable,6,6:00am-6:59am,25,25,6,6:00am-6:59am,34,34,88,Not Applicable (Not Transported),88,Not Applicable (Not Transported),0,None,0,None,0,None,1,1
2018,35,350119,New Mexico,4,4,0,0,0,8,8,31,MCKINLEY (31),9997,Other,2,2,6,June,2018,7,Saturday,15,3:00pm-3:59pm,27,27,1,This section IS ON the NHS,1,Rural,1,Interstate,1,State Highway Agency,1,Interstate,I-40,,99998,Not Reported,35.48461111,35.48461111,-108.455161100,-108.45516111,0,No Special Jurisdiction,1,Rollover/Overturn,0,Not a Collision with Motor Vehicle In-Transport,0,No,1,Non-Junction,1,Not an Intersection,0,None,,,1,On Roadway,1,Daylight,1,Clear,0,No Additional Atmospheric Conditions,1,Clear,0,No,0000000,Not Applicable,14,2:00pm-2:59pm,24,24,14,2:00pm-2:59pm,41,41,15,3:00pm-3:59pm,37,37,14,"Motor Vehicle struck by falling cargo,or something that came loose from or something that was set in motion by a vehicle",0,None,0,None,1,0
2018,35,350120,New Mexico,3,3,0,0,0,4,4,1,BERNALILLO (1),30,ALBUQUERQUE,5,5,5,May,2018,7,Saturday,1,1:00am-1:59am,37,37,1,This section IS ON the NHS,2,Urban,3,Principal Arterial - Other,1,State Highway Agency,3,State Highway,SR-500 RIO BRAVO BLVD SW,,99998,Not Reported,35.02719722,35.02719722,-106.673886100,-106.67388611,0,No Special Jurisdiction,12,Motor Vehicle In-Transport,2,Front-to-Front,0,No,1,Non-Junction,1,Not an Intersection,0,None,,,1,On Roadway,2,Dark - Not Lighted,1,Clear,0,No Additional Atmospheric Conditions,1,Clear,0,No,0000000,Not Applicable,1,1:00am-1:59am,39,39,1,1:00am-1:59am,42,42,2,2:00am-2:59am,42,42,0,None,0,None,0,None,1,1
2018,35,350121,New Mexico,3,3,0,0,0,3,3,53,SOCORRO (53),0,NOT APPLICABLE,26,26,5,May,2018,7,Saturday,9,9:00am-9:59am,22,22,1,This section IS ON the NHS,1,Rural,1,Interstate,1,State Highway Agency,1,Interstate,I-25,,99998,Not Reported,34.31589722,34.31589722,-106.885747200,-106.88574722,0,No Special Jurisdiction,12,Motor Vehicle In-Transport,1,Front-to-Rear,0,No,1,Non-Junction,1,Not an Intersection,0,None,,,1,On Roadway,1,Daylight,1,Clear,0,No Additional Atmospheric Conditions,1,Clear,0,No,0000000,Not Applicable,9,9:00am-9:59am,33,33,10,10:00am-10:59am,28,28,12,12:00pm-12:59pm,17,17,0,None,0,None,0,None,1,0
2018,35,350122,New Mexico,1,1,0,1,1,1,1,1,BERNALILLO (1),30,ALBUQUERQUE,3,3,6,June,2018,1,Sunday,20,8:00pm-8:59pm,50,50,1,This section IS ON the NHS,2,Urban,3,Principal Arterial - Other,1,State Highway Agency,3,State Highway,SR-45 COORS BLVD NW,ILIFF RD NW,99998,Not Reported,35.10343889,35.10343889,-106.705861100,-106.70586111,0,No Special Jurisdiction,8,Pedestrian,0,Not a Collision with Motor Vehicle In-Transport,0,No,2,Intersection,4,Y-Intersection,0,None,,,1,On Roadway,3,Dark - Lighted,1,Clear,0,No Additional Atmospheric Conditions,1,Clear,0,No,0000000,Not Applicable,20,8:00pm-8:59pm,54,54,20,8:00pm-8:59pm,54,54,21,9:00pm-9:59pm,4,4,0,None,0,None,0,None,1,0
2018,35,350123,New Mexico,3,3,0,0,0,3,3,49,SANTA FE (49),710,SANTA FE,7,7,6,June,2018,5,Thursday,0,0:00am-0:59am,12,12,1,This section IS ON the NHS,2,Urban,3,Principal Arterial - Other,4,City or Municipal Highway Agency,6,Local Street - Municipality,AIRPORT RD,,99998,Not Reported,35.63468611,35.63468611,-106.053158300,-106.05315833,0,No Special Jurisdiction,12,Motor Vehicle In-Transport,1,Front-to-Rear,0,No,1,Non-Junction,1,Not an Intersection,0,None,,,1,On Roadway,3,Dark - Lighted,1,Clear,0,No Additional Atmospheric Conditions,1,Clear,0,No,0000000,Not Applicable,99,Unknown,99,Unknown,12,12:00pm-12:59pm,25,25,12,12:00pm-12:59pm,50,50,0,None,0,None,0,None,1,1
2018,35,350124,New Mexico,1,1,0,0,0,1,1,15,EDDY (15),0,NOT APPLICABLE,7,7,6,June,2018,5,Thursday,7,7:00am-7:59am,42,42,1,This section IS ON the NHS,2,Urban,3,Principal Arterial - Other,1,State Highway Agency,2,U.S. Highway,US-285,,99998,Not Reported,32.49506111,32.49506111,-104.363425000,-104.363425000,0,No Special Jurisdiction,1,Rollover/Overturn,0,Not a Collision with Motor Vehicle In-Transport,0,No,1,Non-Junction,1,Not an Intersection,0,None,,,4,On Roadside,1,Daylight,1,Clear,0,No Additional Atmospheric Conditions,1,Clear,0,No,0000000,Not Applicable,7,7:00am-7:59am,39,39,7,7:00am-7:59am,47,47,88,Not Applicable (Not Transported),88,Not Applicable (Not Transported),0,None,0,None,0,None,1,0
2018,35,350125,New Mexico,2,2,0,0,0,2,2,25,LEA (25),0,NOT APPLICABLE,7,7,6,June,2018,5,Thursday,11,11:00am-11:59am,34,34,1,This section IS ON the NHS,1,Rural,3,Principal Arterial - Other,1,State Highway Agency,2,U.S. Highway,US-62/180,,99998,Not Reported,32.54092222,32.54092222,-103.768908300,-103.76890833,0,No Special Jurisdiction,12,Motor Vehicle In-Transport,1,Front-to-Rear,0,No,1,Non-Junction,1,Not an Intersection,0,None,,,1,On Roadway,1,Daylight,1,Clear,0,No Additional Atmospheric Conditions,1,Clear,0,No,0000000,Not Applicable,11,11:00am-11:59am,23,23,11,11:00am-11:59am,54,54,99,Unknown,99,Unknown EMS Hospital Arrival Time,0,None,0,None,0,None,1,0
2018,35,350126,New Mexico,1,1,0,0,0,2,2,47,SAN MIGUEL (47),0,NOT APPLICABLE,9,9,6,June,2018,7,Saturday,0,0:00am-0:59am,12,12,0,This section IS NOT on the NHS,1,Rural,7,Local,2,County Highway Agency,9,Unknown,CAMINO RAEL RD,,99998,Not Reported,35.57897778,35.57897778,-105.667561100,-105.66756111,0,No Special Jurisdiction,1,Rollover/Overturn,0,Not a Collision with Motor Vehicle In-Transport,0,No,1,Non-Junction,1,Not an Intersection,0,None,,,4,On Roadside,2,Dark - Not Lighted,1,Clear,0,No Additional Atmospheric Conditions,1,Clear,0,No,0000000,Not Applicable,0,0:00am-0:59am,0,0,0,0:00am-0:59am,9,9,1,1:00am-1:59am,23,23,0,None,0,None,0,None,1,1
2018,35,350127,New Mexico,1,1,0,0,0,1,1,49,SANTA FE (49),261,EDGEWOOD,5,5,6,June,2018,3,Tuesday,19,7:00pm-7:59pm,43,43,1,This section IS ON the NHS,1,Rural,1,Interstate,1,State Highway Agency,1,Interstate,I-40,,99998,Not Reported,35.05116111,35.05116111,-106.157886100,-106.15788611,0,No Special Jurisdiction,1,Rollover/Overturn,0,Not a Collision with Motor Vehicle In-Transport,0,No,1,Non-Junction,1,Not an Intersection,0,None,,,3,On Median,5,Dusk,1,Clear,0,No Additional Atmospheric Conditions,1,Clear,0,No,0000000,Not Applicable,19,7:00pm-7:59pm,44,44,19,7:00pm-7:59pm,50,50,88,Not Applicable (Not Transported),88,Not Applicable (Not Transported),0,None,0,None,0,None,1,0
2018,35,350128,New Mexico,1,1,0,0,0,1,1,55,TAOS (55),645,QUESTA,6,6,6,June,2018,4,Wednesday,19,7:00pm-7:59pm,25,25,0,This section IS NOT on the NHS,1,Rural,5,Major Collector,1,State Highway Agency,3,State Highway,SR-38,,99998,Not Reported,36.70412500,36.70412500,-105.581619400,-105.58161944,0,No Special Jurisdiction,24,Guardrail Face,0,Not a Collision with Motor Vehicle In-Transport,0,No,1,Non-Junction,1,Not an Intersection,0,None,,,4,On Roadside,1,Daylight,1,Clear,0,No Additional Atmospheric Conditions,1,Clear,0,No,0000000,Not Applicable,19,7:00pm-7:59pm,29,29,19,7:00pm-7:59pm,37,37,88,Not Applicable (Not Transported),88,Not Applicable (Not Transported),0,None,0,None,0,None,1,1
2018,35,350129,New Mexico,1,1,0,0,0,2,2,31,MCKINLEY (31),340,GALLUP,2,2,6,June,2018,7,Saturday,13,1:00pm-1:59pm,37,37,1,This section IS ON the NHS,2,Urban,1,Interstate,1,State Highway Agency,1,Interstate,I-40 RAMP,,99998,Not Reported,35.52800833,35.52800833,-108.758147200,-108.75814722,0,No Special Jurisdiction,1,Rollover/Overturn,0,Not a Collision with Motor Vehicle In-Transport,1,Yes,5,Entrance/Exit Ramp Related,1,Not an Intersection,0,None,,,8,Gore,1,Daylight,1,Clear,0,No Additional Atmospheric Conditions,1,Clear,0,No,0000000,Not Applicable,12,12:00pm-12:59pm,40,40,12,12:00pm-12:59pm,44,44,99,Unknown,99,Unknown EMS Hospital Arrival Time,0,None,0,None,0,None,1,1
2018,35,350130,New Mexico,2,2,0,0,0,3,3,61,VALENCIA (61),9997,Other,8,8,6,June,2018,6,Friday,13,1:00pm-1:59pm,50,50,0,This section IS NOT on the NHS,2,Urban,4,Minor Arterial,1,State Highway Agency,3,State Highway,SR-314,,99998,Not Reported,34.83899722,34.83899722,-106.728983300,-106.72898333,3,Indian Reservation,12,Motor Vehicle In-Transport,2,Front-to-Front,0,No,1,Non-Junction,1,Not an Intersection,0,None,,,1,On Roadway,1,Daylight,1,Clear,0,No Additional Atmospheric Conditions,1,Clear,0,No,0000000,Not Applicable,99,Unknown,99,Unknown,99,Unknown EMS Scene Arrival Hour,99,Unknown EMS Scene Arrival Minutes,99,Unknown,99,Unknown EMS Hospital Arrival Time,0,None,0,None,0,None,1,0
2018,35,350131,New Mexico,2,2,0,0,0,9,9,39,RIO ARRIBA (39),155,CHAMA,10,10,6,June,2018,1,Sunday,8,8:00am-8:59am,15,15,0,This section IS NOT on the NHS,1,Rural,4,Minor Arterial,1,State Highway Agency,2,U.S. Highway,US-64/84,,99998,Not Reported,36.80883333,36.80883333,-106.567747200,-106.56774722,0,No Special Jurisdiction,12,Motor Vehicle In-Transport,2,Front-to-Front,0,No,1,Non-Junction,1,Not an Intersection,0,None,,,1,On Roadway,1,Daylight,1,Clear,0,No Additional Atmospheric Conditions,1,Clear,0,No,0000000,Not Applicable,6,6:00am-6:59am,52,52,7,7:00am-7:59am,34,34,8,8:00am-8:59am,35,35,0,None,0,None,0,None,1,1
2018,35,350132,New Mexico,1,1,0,0,0,2,2,35,OTERO (35),0,NOT APPLICABLE,14,14,5,May,2018,2,Monday,14,2:00pm-2:59pm,56,56,1,This section IS ON the NHS,1,Rural,3,Principal Arterial - Other,1,State Highway Agency,2,U.S. Highway,US-54/70,,99998,Not Reported,33.04296389,33.04296389,-106.007983300,-106.00798333,0,No Special Jurisdiction,1,Rollover/Overturn,0,Not a Collision with Motor Vehicle In-Transport,0,No,1,Non-Junction,1,Not an Intersection,0,None,,,3,On Median,1,Daylight,1,Clear,0,No Additional Atmospheric Conditions,1,Clear,0,No,0000000,Not Applicable,13,1:00pm-1:59pm,0,0,13,1:00pm-1:59pm,15,15,13,1:00pm-1:59pm,48,48,0,None,0,None,0,None,1,0
2018,35,350133,New Mexico,2,2,0,0,0,5,5,1,BERNALILLO (1),30,ALBUQUERQUE,12,12,5,May,2018,7,Saturday,17,5:00pm-5:59pm,52,52,1,This section IS ON the NHS,2,Urban,3,Principal Arterial - Other,4,City or Municipal Highway Agency,6,Local Street - Municipality,WYOMING BLVD NE,MARQUETTE AVE NE,0,None,35.08383889,35.08383889,-106.550363900,-106.55036389,0,No Special Jurisdiction,33,Curb,0,Not a Collision with Motor Vehicle In-Transport,0,No,3,Intersection-Related,2,Four-Way Intersection,0,None,,,3,On Median,1,Daylight,1,Clear,0,No Additional Atmospheric Conditions,1,Clear,0,No,0000000,Not Applicable,17,5:00pm-5:59pm,54,54,17,5:00pm-5:59pm,57,57,18,6:00pm-6:59pm,0,0,0,None,0,None,0,None,1,1
2018,35,350134,New Mexico,1,1,0,1,1,1,1,1,BERNALILLO (1),30,ALBUQUERQUE,15,15,6,June,2018,6,Friday,16,4:00pm-4:59pm,7,7,0,This section IS NOT on the NHS,2,Urban,5,Major Collector,4,City or Municipal Highway Agency,6,Local Street - Municipality,MOON ST NE,LOS ARBOLES AVE NE,0,None,35.11462222,35.11462222,-106.542038900,-106.54203889,0,No Special Jurisdiction,9,Pedalcyclist,0,Not a Collision with Motor Vehicle In-Transport,0,No,2,Intersection,2,Four-Way Intersection,0,None,,,1,On Roadway,1,Daylight,1,Clear,0,No Additional Atmospheric Conditions,1,Clear,0,No,0000000,Not Applicable,16,4:00pm-4:59pm,11,11,16,4:00pm-4:59pm,17,17,99,Unknown,99,Unknown EMS Hospital Arrival Time,0,None,0,None,0,None,1,0
2018,35,350135,New Mexico,2,2,0,0,0,4,4,6,CIBOLA (6),0,NOT APPLICABLE,14,14,6,June,2018,5,Thursday,8,8:00am-8:59am,54,54,1,This section IS ON the NHS,1,Rural,1,Interstate,1,State Highway Agency,1,Interstate,I-40,,99998,Not Reported,35.07272222,35.07272222,-107.751088900,-107.75108889,3,Indian Reservation,12,Motor Vehicle In-Transport,1,Front-to-Rear,0,No,1,Non-Junction,1,Not an Intersection,0,None,,,1,On Roadway,1,Daylight,1,Clear,0,No Additional Atmospheric Conditions,1,Clear,0,No,0000000,Not Applicable,8,8:00am-8:59am,56,56,9,9:00am-9:59am,5,5,9,9:00am-9:59am,39,39,23,Indication of a Stalled/Disabled Vehicle,0,None,0,None,1,0
2018,35,350136,New Mexico,2,2,0,2,2,10,10,7,COLFAX (7),0,NOT APPLICABLE,17,17,6,June,2018,1,Sunday,21,9:00pm-9:59pm,35,35,1,This section IS ON the NHS,1,Rural,1,Interstate,1,State Highway Agency,1,Interstate,I-25,,99998,Not Reported,36.70403056,36.70403056,-104.480908300,-104.48090833,0,No Special Jurisdiction,8,Pedestrian,0,Not a Collision with Motor Vehicle In-Transport,0,No,1,Non-Junction,1,Not an Intersection,0,None,,,1,On Roadway,2,Dark - Not Lighted,1,Clear,0,No Additional Atmospheric Conditions,1,Clear,0,No,0000000,Not Applicable,21,9:00pm-9:59pm,51,51,22,10:00pm-10:59pm,6,6,88,Not Applicable (Not Transported),88,Not Applicable (Not Transported),19,Recent/Previous Crash scene Nearby,23,Indication of a Stalled/Disabled Vehicle,0,None,2,0
2018,35,350137,New Mexico,1,1,0,0,0,1,1,5,CHAVES (5),0,NOT APPLICABLE,23,23,6,June,2018,7,Saturday,5,5:00am-5:59am,18,18,1,This section IS ON the NHS,1,Rural,3,Principal Arterial - Other,1,State Highway Agency,2,U.S. Highway,US-70,,99998,Not Reported,33.70481111,33.70481111,-104.035488900,-104.03548889,0,No Special Jurisdiction,1,Rollover/Overturn,0,Not a Collision with Motor Vehicle In-Transport,0,No,1,Non-Junction,1,Not an Intersection,0,None,,,3,On Median,1,Daylight,1,Clear,0,No Additional Atmospheric Conditions,1,Clear,0,No,0000000,Not Applicable,99,Unknown,99,Unknown,5,5:00am-5:59am,44,44,88,Not Applicable (Not Transported),88,Not Applicable (Not Transported),0,None,0,None,0,None,1,0
2018,35,350138,New Mexico,2,2,0,1,1,7,7,1,BERNALILLO (1),30,ALBUQUERQUE,17,17,6,June,2018,1,Sunday,1,1:00am-1:59am,13,13,1,This section IS ON the NHS,2,Urban,3,Principal Arterial - Other,4,City or Municipal Highway Agency,6,Local Street - Municipality,MONTGOMERY BLVD,PAN AMERICAN FWY,99998,Not Reported,35.13235833,35.13235833,-106.608902800,-106.60890278,0,No Special Jurisdiction,12,Motor Vehicle In-Transport,6,Angle,1,Yes,2,Intersection,2,Four-Way Intersection,0,None,,,1,On Roadway,3,Dark - Lighted,1,Clear,0,No Additional Atmospheric Conditions,1,Clear,0,No,0000000,Not Applicable,1,1:00am-1:59am,18,18,1,1:00am-1:59am,20,20,1,1:00am-1:59am,29,29,0,None,0,None,0,None,1,1