caseyear,state,st_case,statename,ve_total,ve_forms,pvh_invl,peds,pernotmvit,permvit,persons,county,countyname,city,cityname,day,dayname,month,monthname,year,day_week,day_weekname,hour,hourname,minute,minutename,nhs,nhsname,rur_urb,rur_urbname,func_sys,func_sysname,rd_owner,rd_ownername,route,routename,tway_id,tway_id2,milept,mileptname,latitude,latitudename,longitud,longitudname,sp_jur,sp_jurname,harm_ev,harm_evname,man_coll,man_collname,reljct1,reljct1name,reljct2,reljct2name,typ_int,typ_intname,wrk_zone,wrk_zonename,road_fnc,road_fncname,rel_road,rel_roadname,lgt_cond,lgt_condname,weather1,weather1name,weather2,weather2name,weather,weathername,sch_bus,sch_busname,rail,railname,not_hour,not_hourname,not_min,not_minname,arr_hour,arr_hourname,arr_min,arr_minname,hosp_hr,hosp_hrname,hosp_mn,hosp_mnname,cf1,cf1name,cf2,cf2name,cf3,cf3name,fatals,drunk_dr
2018,35,350174,New Mexico,2,2,0,0,0,2,2,45,SAN JUAN (45),310,FARMINGTON,22,22,7,July,2018,1,Sunday,8,8:00am-8:59am,41,41,0,This section IS NOT on the NHS,2,Urban,7,Local,4,City or Municipal Highway Agency,6,Local Street - Municipality,BECKLAND DR,NM 516,0,None,36.76385278,36.76385278,-108.153838900,-108.15383889,0,No Special Jurisdiction,12,Motor Vehicle In-Transport,2,Front-to-Front,0,No,2,Intersection,2,Four-Way Intersection,0,None,,,1,On Roadway,1,Daylight,1,Clear,0,No Additional Atmospheric Conditions,1,Clear,0,No,0000000,Not Applicable,8,8:00am-8:59am,43,43,8,8:00am-8:59am,47,47,99,Unknown,99,Unknown EMS Hospital Arrival Time,0,None,0,None,0,None,1,0
2018,35,350175,New Mexico,1,1,0,0,0,1,1,3,CATRON (3),644,QUEMADO,16,16,7,July,2018,2,Monday,21,9:00pm-9:59pm,30,30,0,This section IS NOT on the NHS,1,Rural,3,Principal Arterial - Other,1,State Highway Agency,2,U.S. Highway,US-60,,380,380,34.31476667,34.31476667,-108.429736100,-108.42973611,0,No Special Jurisdiction,41,Shrubbery,0,Not a Collision with Motor Vehicle In-Transport,0,No,1,Non-Junction,1,Not an Intersection,0,None,,,6,Off Roadway-Location Unknown,1,Daylight,2,Rain,0,No Additional Atmospheric Conditions,2,Rain,0,No,0000000,Not Applicable,99,Unknown,99,Unknown,20,8:00pm-8:59pm,16,16,99,Unknown,99,Unknown EMS Hospital Arrival Time,0,None,0,None,0,None,1,1
2018,35,350176,New Mexico,1,1,0,0,0,1,1,23,HIDALGO (23),0,NOT APPLICABLE,28,28,7,July,2018,7,Saturday,11,11:00am-11:59am,50,50,0,This section IS NOT on the NHS,1,Rural,4,Minor Arterial,1,State Highway Agency,3,State Highway,SR-338,,70,70,32.17560278,32.17560278,-108.879191700,-108.87919167,0,No Special Jurisdiction,1,Rollover/Overturn,0,Not a Collision with Motor Vehicle In-Transport,0,No,1,Non-Junction,1,Not an Intersection,0,None,,,4,On Roadside,1,Daylight,1,Clear,0,No Additional Atmospheric Conditions,1,Clear,0,No,0000000,Not Applicable,11,11:00am-11:59am,56,56,12,12:00pm-12:59pm,18,18,88,Not Applicable (Not Transported),88,Not Applicable (Not Transported),0,None,0,None,0,None,1,1
2018,35,350177,New Mexico,1,1,0,0,0,1,1,3,CATRON (3),0,NOT APPLICABLE,17,17,7,July,2018,3,Tuesday,6,6:00am-6:59am,30,30,0,This section IS NOT on the NHS,1,Rural,3,Principal Arterial - Other,1,State Highway Agency,2,U.S. Highway,US-60,,100,100,34.21955833,34.21955833,-108.869097200,-108.86909722,0,No Special Jurisdiction,11,Live Animal,0,Not a Collision with Motor Vehicle In-Transport,0,No,1,Non-Junction,1,Not an Intersection,0,None,,,1,On Roadway,4,Dawn,1,Clear,0,No Additional Atmospheric Conditions,1,Clear,0,No,0000000,Not Applicable,6,6:00am-6:59am,26,26,7,7:00am-7:59am,2,2,99,Unknown,99,Unknown EMS Hospital Arrival Time,0,None,0,None,0,None,1,0
2018,35,350178,New Mexico,1,1,0,0,0,2,2,31,MCKINLEY (31),340,GALLUP,8,8,6,June,2018,6,Friday,18,6:00pm-6:59pm,36,36,1,This section IS ON the NHS,1,Rural,1,Interstate,1,State Highway Agency,1,Interstate,I-40 RAMP,MUNOZ DRIVE,99998,Not Reported,35.52708611,35.52708611,-108.759127800,-108.75912778,0,No Special Jurisdiction,33,Curb,0,Not a Collision with Motor Vehicle In-Transport,1,Yes,3,Intersection-Related,3,T-Intersection,0,None,,,4,On Roadside,5,Dusk,1,Clear,0,No Additional Atmospheric Conditions,1,Clear,0,No,0000000,Not Applicable,17,5:00pm-5:59pm,34,34,17,5:00pm-5:59pm,34,34,18,6:00pm-6:59pm,13,13,0,None,0,None,0,None,1,0
2018,35,350179,New Mexico,2,2,0,0,0,2,2,1,BERNALILLO (1),806,TIJERAS,3,3,7,July,2018,3,Tuesday,7,7:00am-7:59am,46,46,0,This section IS NOT on the NHS,1,Rural,4,Minor Arterial,1,State Highway Agency,3,State Highway,SR-333,S VALLE VISTA,0,None,35.09446111,35.09446111,-106.273344400,-106.27334444,0,No Special Jurisdiction,12,Motor Vehicle In-Transport,6,Angle,0,No,1,Non-Junction,1,Not an Intersection,0,None,,,1,On Roadway,1,Daylight,1,Clear,0,No Additional Atmospheric Conditions,1,Clear,0,No,0000000,Not Applicable,7,7:00am-7:59am,52,52,8,8:00am-8:59am,3,3,99,Unknown,99,Unknown EMS Hospital Arrival Time,0,None,0,None,0,None,1,1
2018,35,350180,New Mexico,2,2,0,0,0,4,4,1,BERNALILLO (1),30,ALBUQUERQUE,18,18,7,July,2018,4,Wednesday,1,1:00am-1:59am,12,12,0,This section IS NOT on the NHS,2,Urban,7,Local,4,City or Municipal Highway Agency,6,Local Street - Municipality,PENNSYLVANIA ST NE,COMANCHE RD NE,0,None,35.12269722,35.12269722,-106.559869400,-106.55986944,0,No Special Jurisdiction,12,Motor Vehicle In-Transport,6,Angle,0,No,2,Intersection,2,Four-Way Intersection,0,None,,,1,On Roadway,2,Dark - Not Lighted,1,Clear,0,No Additional Atmospheric Conditions,1,Clear,0,No,0000000,Not Applicable,1,1:00am-1:59am,14,14,1,1:00am-1:59am,24,24,99,Unknown,99,Unknown EMS Hospital Arrival Time,0,None,0,None,0,None,1,1
2018,35,350181,New Mexico,1,1,0,1,1,1,1,31,MCKINLEY (31),159,CHURCH ROCK,15,15,7,July,2018,1,Sunday,21,9:00pm-9:59pm,0,0,0,This section IS NOT on the NHS,1,Rural,4,Minor Arterial,1,State Highway Agency,3,State Highway,SR-118,,290,290,35.53099722,35.53099722,-108.620566700,-108.62056667,3,Indian Reservation,8,Pedestrian,0,Not a Collision with Motor Vehicle In-Transport,0,No,1,Non-Junction,1,Not an Intersection,0,None,,,1,On Roadway,2,Dark - Not Lighted,2,Rain,0,No Additional Atmospheric Conditions,2,Rain,0,No,0000000,Not Applicable,88,Not Applicable (Not Notified),88,Not Applicable (Not Notified),88,Not Applicable,88,Not Applicable,88,Not Applicable (Not Transported),88,Not Applicable (Not Transported),0,None,0,None,0,None,1,0
2018,35,350182,New Mexico,2,2,0,0,0,2,2,49,SANTA FE (49),0,NOT APPLICABLE,20,20,7,July,2018,6,Friday,21,9:00pm-9:59pm,58,58,1,This section IS ON the NHS,1,Rural,2,Principal Arterial - Other Freeways and Expressways,1,State Highway Agency,2,U.S. Highway,US-84/285,,1690,1690,35.74848889,35.74848889,-105.936947200,-105.93694722,0,No Special Jurisdiction,12,Motor Vehicle In-Transport,1,Front-to-Rear,0,No,1,Non-Junction,1,Not an Intersection,0,None,,,1,On Roadway,3,Dark - Lighted,1,Clear,0,No Additional Atmospheric Conditions,1,Clear,0,No,0000000,Not Applicable,22,10:00pm-10:59pm,1,1,22,10:00pm-10:59pm,12,12,88,Not Applicable (Not Transported),88,Not Applicable (Not Transported),0,None,0,None,0,None,1,0
2018,35,350183,New Mexico,2,2,0,0,0,3,3,25,LEA (25),0,NOT APPLICABLE,22,22,7,July,2018,1,Sunday,18,6:00pm-6:59pm,21,21,0,This section IS NOT on the NHS,1,Rural,3,Principal Arterial - Other,1,State Highway Agency,3,State Highway,SR-128,BRININSTOOL,0,None,32.21050556,32.21050556,-103.566588900,-103.56658889,0,No Special Jurisdiction,12,Motor Vehicle In-Transport,6,Angle,0,No,2,Intersection,3,T-Intersection,0,None,,,1,On Roadway,1,Daylight,1,Clear,0,No Additional Atmospheric Conditions,1,Clear,0,No,0000000,Not Applicable,18,6:00pm-6:59pm,15,15,18,6:00pm-6:59pm,38,38,19,7:00pm-7:59pm,35,35,0,None,0,None,0,None,1,1
2018,35,350184,New Mexico,1,1,0,1,1,2,2,45,SAN JUAN (45),745,SHIPROCK,13,13,7,July,2018,6,Friday,20,8:00pm-8:59pm,19,19,0,This section IS NOT on the NHS,1,Rural,7,Local,62,Bureau of Indian Affairs,9,Unknown,INDIAN RAOD 13 MM 20,,99998,Not Reported,36.68726111,36.68726111,-108.710272200,-108.71027222,3,Indian Reservation,8,Pedestrian,0,Not a Collision with Motor Vehicle In-Transport,0,No,1,Non-Junction,1,Not an Intersection,0,None,,,2,On Shoulder,5,Dusk,8,Other,0,No Additional Atmospheric Conditions,8,Other,0,No,0000000,Not Applicable,99,Unknown,99,Unknown,99,Unknown EMS Scene Arrival Hour,99,Unknown EMS Scene Arrival Minutes,99,Unknown,99,Unknown EMS Hospital Arrival Time,0,None,0,None,0,None,1,1
2018,35,350186,New Mexico,1,1,0,0,0,2,2,6,CIBOLA (6),360,GRANTS,24,24,8,August,2018,6,Friday,11,11:00am-11:59am,57,57,0,This section IS NOT on the NHS,1,Rural,6,Minor Collector,1,State Highway Agency,3,State Highway,SR-117,,355,355,34.83937778,34.83937778,-107.915113900,-107.91511389,0,No Special Jurisdiction,1,Rollover/Overturn,0,Not a Collision with Motor Vehicle In-Transport,0,No,1,Non-Junction,1,Not an Intersection,0,None,,,4,On Roadside,1,Daylight,1,Clear,0,No Additional Atmospheric Conditions,1,Clear,0,No,0000000,Not Applicable,12,12:00pm-12:59pm,59,59,13,1:00pm-1:59pm,32,32,88,Not Applicable (Not Transported),88,Not Applicable (Not Transported),0,None,0,None,0,None,2,0
2018,35,350187,New Mexico,1,1,0,0,0,1,1,27,LINCOLN (27),0,NOT APPLICABLE,21,21,8,August,2018,3,Tuesday,20,8:00pm-8:59pm,35,35,0,This section IS NOT on the NHS,1,Rural,3,Principal Arterial - Other,1,State Highway Agency,2,U.S. Highway,US-380,,968,968,33.49840278,33.49840278,-105.398188900,-105.39818889,0,No Special Jurisdiction,38,Fence,0,Not a Collision with Motor Vehicle In-Transport,0,No,1,Non-Junction,1,Not an Intersection,0,None,,,4,On Roadside,2,Dark - Not Lighted,1,Clear,0,No Additional Atmospheric Conditions,1,Clear,0,No,0000000,Not Applicable,20,8:00pm-8:59pm,40,40,21,9:00pm-9:59pm,0,0,88,Not Applicable (Not Transported),88,Not Applicable (Not Transported),0,None,0,None,0,None,1,1
2018,35,350188,New Mexico,1,1,0,1,1,1,1,39,RIO ARRIBA (39),406,HERNANDEZ,10,10,8,August,2018,6,Friday,23,11:00pm-11:59pm,4,4,1,This section IS ON the NHS,2,Urban,3,Principal Arterial - Other,1,State Highway Agency,2,U.S. Highway,US-84/285,,0,None,36.05164444,36.05164444,-106.113841700,-106.11384167,0,No Special Jurisdiction,8,Pedestrian,0,Not a Collision with Motor Vehicle In-Transport,0,No,1,Non-Junction,1,Not an Intersection,0,None,,,1,On Roadway,2,Dark - Not Lighted,1,Clear,0,No Additional Atmospheric Conditions,1,Clear,0,No,0000000,Not Applicable,22,10:00pm-10:59pm,1,1,22,10:00pm-10:59pm,6,6,88,Not Applicable (Not Transported),88,Not Applicable (Not Transported),0,None,0,None,0,None,1,0
2018,35,350189,New Mexico,1,1,0,0,0,1,1,39,RIO ARRIBA (39),118,CANJILON,10,10,8,August,2018,6,Friday,19,7:00pm-7:59pm,55,55,0,This section IS NOT on the NHS,1,Rural,7,Local,2,County Highway Agency,4,County Road,CR-295,,0,None,36.47967222,36.47967222,-106.429230600,-106.42923056,0,No Special Jurisdiction,1,Rollover/Overturn,0,Not a Collision with Motor Vehicle In-Transport,0,No,1,Non-Junction,1,Not an Intersection,0,None,,,4,On Roadside,1,Daylight,1,Clear,0,No Additional Atmospheric Conditions,1,Clear,0,No,0000000,Not Applicable,19,7:00pm-7:59pm,57,57,20,8:00pm-8:59pm,35,35,99,Unknown,99,Unknown EMS Hospital Arrival Time,0,None,0,None,0,None,1,1
2018,35,350190,New Mexico,2,2,0,0,0,6,6,45,SAN JUAN (45),0,NOT APPLICABLE,6,6,8,August,2018,2,Monday,13,1:00pm-1:59pm,55,55,1,This section IS ON the NHS,1,Rural,3,Principal Arterial - Other,1,State Highway Agency,2,U.S. Highway,US-550,,1110,1110,36.24990000,36.24990000,-107.675500000,-107.675500000,0,No Special Jurisdiction,12,Motor Vehicle In-Transport,2,Front-to-Front,0,No,1,Non-Junction,1,Not an Intersection,0,None,,,1,On Roadway,1,Daylight,1,Clear,0,No Additional Atmospheric Conditions,1,Clear,0,No,0000000,Not Applicable,11,11:00am-11:59am,25,25,11,11:00am-11:59am,55,55,99,Unknown,99,Unknown EMS Hospital Arrival Time,0,None,0,None,0,None,2,0
2018,35,350191,New Mexico,2,2,0,0,0,3,3,1,BERNALILLO (1),30,ALBUQUERQUE,3,3,8,August,2018,6,Friday,13,1:00pm-1:59pm,51,51,0,This section IS NOT on the NHS,2,Urban,4,Minor Arterial,4,City or Municipal Highway Agency,6,Local Street - Municipality,LOUISIANA BLVD,COMANCHE RD,99998,Not Reported,35.12349444,35.12349444,-106.568736100,-106.56873611,0,No Special Jurisdiction,12,Motor Vehicle In-Transport,6,Angle,0,No,2,Intersection,2,Four-Way Intersection,0,None,,,1,On Roadway,1,Daylight,1,Clear,0,No Additional Atmospheric Conditions,1,Clear,0,No,0000000,Not Applicable,13,1:00pm-1:59pm,57,57,13,1:00pm-1:59pm,57,57,99,Unknown,99,Unknown EMS Hospital Arrival Time,0,None,0,None,0,None,1,0
2018,35,350192,New Mexico,2,1,1,0,1,7,8,57,TORRANCE (57),605,MORIARTY,4,4,8,August,2018,7,Saturday,7,7:00am-7:59am,25,25,1,This section IS ON the NHS,1,Rural,1,Interstate,1,State Highway Agency,1,Interstate,I-40,,99998,Not Reported,35.00775278,35.00775278,-106.033283300,-106.03328333,0,No Special Jurisdiction,14,Parked Motor Vehicle,0,Not a Collision with Motor Vehicle In-Transport,0,No,1,Non-Junction,1,Not an Intersection,0,None,,,2,On Shoulder,1,Daylight,1,Clear,0,No Additional Atmospheric Conditions,1,Clear,0,No,0000000,Not Applicable,7,7:00am-7:59am,28,28,7,7:00am-7:59am,31,31,8,8:00am-8:59am,6,6,0,None,0,None,0,None,2,0
2018,35,350193,New Mexico,1,1,0,1,1,1,1,1,BERNALILLO (1),30,ALBUQUERQUE,6,6,8,August,2018,2,Monday,3,3:00am-3:59am,56,56,0,This section IS NOT on the NHS,2,Urban,4,Minor Arterial,4,City or Municipal Highway Agency,6,Local Street - Municipality,YALE BLVD,,99998,Not Reported,35.06274722,35.06274722,-106.622066700,-106.62206667,0,No Special Jurisdiction,9,Pedalcyclist,0,Not a Collision with Motor Vehicle In-Transport,0,No,1,Non-Junction,1,Not an Intersection,0,None,,,1,On Roadway,2,Dark - Not Lighted,1,Clear,0,No Additional Atmospheric Conditions,1,Clear,0,No,0000000,Not Applicable,4,4:00am-4:59am,2,2,4,4:00am-4:59am,9,9,4,4:00am-4:59am,22,22,0,None,0,None,0,None,1,0
2018,35,350194,New Mexico,2,2,0,0,0,2,2,35,OTERO (35),0,NOT APPLICABLE,10,10,8,August,2018,6,Friday,4,4:00am-4:59am,0,0,1,This section IS ON the NHS,2,Urban,3,Principal Arterial - Other,1,State Highway Agency,2,U.S. Highway,US-70,,99998,Not Reported,33.32166389,33.32166389,-105.628708300,-105.62870833,0,No Special Jurisdiction,1,Rollover/Overturn,0,Not a Collision with Motor Vehicle In-Transport,0,No,1,Non-Junction,1,Not an Intersection,0,None,,,1,On Roadway,2,Dark - Not Lighted,2,Rain,0,No Additional Atmospheric Conditions,2,Rain,0,No,0000000,Not Applicable,4,4:00am-4:59am,8,8,4,4:00am-4:59am,36,36,99,Unknown,99,Unknown EMS Hospital Arrival Time,0,None,0,None,0,None,1,1
2018,35,350195,New Mexico,1,1,0,0,0,3,3,15,EDDY (15),0,NOT APPLICABLE,14,14,8,August,2018,3,Tuesday,8,8:00am-8:59am,23,23,0,This section IS NOT on the NHS,1,Rural,5,Major Collector,1,State Highway Agency,3,State Highway,SR-31,,190,190,32.48045000,32.48045000,-103.940641700,-103.94064167,0,No Special Jurisdiction,1,Rollover/Overturn,0,Not a Collision with Motor Vehicle In-Transport,0,No,1,Non-Junction,1,Not an Intersection,0,None,,,1,On Roadway,2,Dark - Not Lighted,1,Clear,0,No Additional Atmospheric Conditions,1,Clear,0,No,0000000,Not Applicable,5,5:00am-5:59am,34,34,5,5:00am-5:59am,59,59,99,Unknown,99,Unknown EMS Hospital Arrival Time,0,None,0,None,0,None,2,0
2018,35,350196,New Mexico,1,1,0,0,0,1,1,25,LEA (25),0,NOT APPLICABLE,12,12,9,September,2018,4,Wednesday,16,4:00pm-4:59pm,41,41,0,This section IS NOT on the NHS,1,Rural,3,Principal Arterial - Other,1,State Highway Agency,3,State Highway,SR-529,,230,230,32.69667778,32.69667778,-103.520711100,-103.52071111,0,No Special Jurisdiction,35,Embankment,0,Not a Collision with Motor Vehicle In-Transport,0,No,1,Non-Junction,1,Not an Intersection,0,None,,,4,On Roadside,1,Daylight,1,Clear,0,No Additional Atmospheric Conditions,1,Clear,0,No,0000000,Not Applicable,16,4:00pm-4:59pm,33,33,16,4:00pm-4:59pm,55,55,88,Not Applicable (Not Transported),88,Not Applicable (Not Transported),0,None,0,None,0,None,1,1
2018,35,350197,New Mexico,1,1,0,0,0,1,1,6,CIBOLA (6),360,GRANTS,13,13,9,September,2018,5,Thursday,18,6:00pm-6:59pm,24,24,0,This section IS NOT on the NHS,2,Urban,5,Major Collector,1,State Highway Agency,3,State Highway,SR-53,,450,450,35.04317778,35.04317778,-108.335327800,-108.33532778,0,No Special Jurisdiction,42,Tree (Standing Only),0,Not a Collision with Motor Vehicle In-Transport,0,No,1,Non-Junction,1,Not an Intersection,0,None,,,4,On Roadside,1,Daylight,1,Clear,0,No Additional Atmospheric Conditions,1,Clear,0,No,0000000,Not Applicable,99,Unknown,99,Unknown,99,Unknown EMS Scene Arrival Hour,98,Unknown if Arrived,88,Not Applicable (Not Transported),88,Not Applicable (Not Transported),0,None,0,None,0,None,1,1
2018,35,350198,New Mexico,1,1,0,1,1,2,2,1,BERNALILLO (1),30,ALBUQUERQUE,4,4,9,September,2018,3,Tuesday,22,10:00pm-10:59pm,4,4,0,This section IS NOT on the NHS,2,Urban,3,Principal Arterial - Other,4,City or Municipal Highway Agency,6,Local Street - Municipality,CENTAL AVE,WYOMING BLVD,0,None,35.07397778,35.07397778,-106.550525000,-106.550525000,0,No Special Jurisdiction,8,Pedestrian,0,Not a Collision with Motor Vehicle In-Transport,0,No,3,Intersection-Related,2,Four-Way Intersection,0,None,,,1,On Roadway,3,Dark - Lighted,1,Clear,0,No Additional Atmospheric Conditions,1,Clear,0,No,0000000,Not Applicable,99,Unknown,99,Unknown,99,Unknown EMS Scene Arrival Hour,99,Unknown EMS Scene Arrival Minutes,88,Not Applicable (Not Transported),88,Not Applicable (Not Transported),0,None,0,None,0,None,1,0
2018,35,350199,New Mexico,1,1,0,0,0,1,1,55,TAOS (55),780,TAOS,14,14,9,September,2018,6,Friday,11,11:00am-11:59am,10,10,0,This section IS NOT on the NHS,1,Rural,4,Minor Arterial,1,State Highway Agency,2,U.S. Highway,US-64,,2590,2590,36.38129167,36.38129167,-105.518227800,-105.51822778,0,No Special Jurisdiction,35,Embankment,0,Not a Collision with Motor Vehicle In-Transport,0,No,1,Non-Junction,1,Not an Intersection,0,None,,,4,On Roadside,1,Daylight,1,Clear,0,No Additional Atmospheric Conditions,1,Clear,0,No,0000000,Not Applicable,99,Unknown,99,Unknown,99,Unknown EMS Scene Arrival Hour,99,Unknown EMS Scene Arrival Minutes,88,Not Applicable (Not Transported),88,Not Applicable (Not Transported),0,None,0,None,0,None,1,1
2018,35,350200,New Mexico,1,1,0,0,0,2,2,31,MCKINLEY (31),0,NOT APPLICABLE,16,16,9,September,2018,1,Sunday,17,5:00pm-5:59pm,39,39,1,This section IS ON the NHS,1,Rural,1,Interstate,1,State Highway Agency,1,Interstate,I-40,,560,560,35.38819167,35.38819167,-108.176736100,-108.17673611,0,No Special Jurisdiction,1,Rollover/Overturn,0,Not a Collision with Motor Vehicle In-Transport,0,No,1,Non-Junction,1,Not an Intersection,0,None,,,4,On Roadside,1,Daylight,1,Clear,0,No Additional Atmospheric Conditions,1,Clear,0,No,0000000,Not Applicable,17,5:00pm-5:59pm,35,35,17,5:00pm-5:59pm,45,45,99,Unknown,99,Unknown EMS Hospital Arrival Time,0,None,0,None,0,None,1,0
2018,35,350201,New Mexico,2,2,0,0,0,2,2,15,EDDY (15),0,NOT APPLICABLE,1,1,9,September,2018,7,Saturday,14,2:00pm-2:59pm,52,52,0,This section IS NOT on the NHS,1,Rural,5,Major Collector,1,State Highway Agency,3,State Highway,SR-31,KELLY RD,0,None,32.31255278,32.31255278,-104.118269400,-104.11826944,0,No Special Jurisdiction,12,Motor Vehicle In-Transport,6,Angle,0,No,3,Intersection-Related,3,T-Intersection,0,None,,,1,On Roadway,1,Daylight,7,"Blowing Sand, Soil, Dirt",0,No Additional Atmospheric Conditions,7,"Blowing Sand, Soil, Dirt",0,No,0000000,Not Applicable,99,Unknown,99,Unknown,99,Unknown EMS Scene Arrival Hour,99,Unknown EMS Scene Arrival Minutes,88,Not Applicable (Not Transported),88,Not Applicable (Not Transported),0,None,0,None,0,None,1,0
2018,35,350202,New Mexico,1,1,0,0,0,1,1,13,DONA ANA (13),0,NOT APPLICABLE,1,1,8,August,2018,4,Wednesday,18,6:00pm-6:59pm,36,36,1,This section IS ON the NHS,1,Rural,4,Minor Arterial,1,State Highway Agency,3,State Highway,SR-28,,99998,Not Reported,32.13766111,32.13766111,-106.716350000,-106.716350000,0,No Special Jurisdiction,42,Tree (Standing Only),0,Not a Collision with Motor Vehicle In-Transport,0,No,1,Non-Junction,1,Not an Intersection,0,None,,,8,Gore,1,Daylight,1,Clear,0,No Additional Atmospheric Conditions,1,Clear,0,No,0000000,Not Applicable,18,6:00pm-6:59pm,26,26,18,6:00pm-6:59pm,41,41,99,Unknown,99,Unknown EMS Hospital Arrival Time,0,None,0,None,0,None,1,0
2018,35,350203,New Mexico,2,2,0,0,0,2,2,49,SANTA FE (49),710,SANTA FE,8,8,8,August,2018,4,Wednesday,6,6:00am-6:59am,23,23,0,This section IS NOT on the NHS,2,Urban,4,Minor Arterial,4,City or Municipal Highway Agency,6,Local Street - Municipality,RODEO ROAD,CAMINO CARLOS REY,99998,Not Reported,35.63860278,35.63860278,-105.982888900,-105.98288889,0,No Special Jurisdiction,12,Motor Vehicle In-Transport,6,Angle,0,No,2,Intersection,2,Four-Way Intersection,0,None,,,1,On Roadway,1,Daylight,1,Clear,0,No Additional Atmospheric Conditions,1,Clear,0,No,0000000,Not Applicable,6,6:00am-6:59am,23,23,6,6:00am-6:59am,41,41,7,7:00am-7:59am,6,6,0,None,0,None,0,None,1,0
2018,35,350204,New Mexico,1,1,0,0,0,4,4,57,TORRANCE (57),0,NOT APPLICABLE,3,3,8,August,2018,6,Friday,10,10:00am-10:59am,22,22,0,This section IS NOT on the NHS,1,Rural,5,Major Collector,1,State Highway Agency,3,State Highway,SR-42 MM 14,,99998,Not Reported,34.40630000,34.40630000,-105.755669400,-105.75566944,0,No Special Jurisdiction,1,Rollover/Overturn,0,Not a Collision with Motor Vehicle In-Transport,0,No,1,Non-Junction,1,Not an Intersection,0,None,,,4,On Roadside,1,Daylight,1,Clear,0,No Additional Atmospheric Conditions,1,Clear,0,No,0000000,Not Applicable,10,10:00am-10:59am,28,28,10,10:00am-10:59am,50,50,99,Unknown,99,Unknown EMS Hospital Arrival Time,0,None,0,None,0,None,1,0
2018,35,350205,New Mexico,1,1,0,1,1,1,1,9,CURRY (9),0,NOT APPLICABLE,9,9,8,August,2018,5,Thursday,15,3:00pm-3:59pm,23,23,0,This section IS NOT on the NHS,1,Rural,7,Local,2,County Highway Agency,9,Unknown,CURRY ROAD L,,99998,Not Reported,34.48068333,34.48068333,-103.231300000,-103.231300000,0,No Special Jurisdiction,8,Pedestrian,0,Not a Collision with Motor Vehicle In-Transport,0,No,1,Non-Junction,1,Not an Intersection,0,None,,,1,On Roadway,1,Daylight,1,Clear,0,No Additional Atmospheric Conditions,1,Clear,0,No,0000000,Not Applicable,15,3:00pm-3:59pm,25,25,15,3:00pm-3:59pm,34,34,16,4:00pm-4:59pm,17,17,0,None,0,None,0,None,1,0
2018,35,350206,New Mexico,1,1,0,0,0,3,3,29,LUNA (29),0,NOT APPLICABLE,25,25,8,August,2018,7,Saturday,5,5:00am-5:59am,14,14,1,This section IS ON the NHS,2,Urban,1,Interstate,1,State Highway Agency,1,Interstate,I-10,,910,910,32.28495833,32.28495833,-107.612900000,-107.612900000,0,No Special Jurisdiction,1,Rollover/Overturn,0,Not a Collision with Motor Vehicle In-Transport,0,No,1,Non-Junction,1,Not an Intersection,0,None,,,4,On Roadside,2,Dark - Not Lighted,1,Clear,0,No Additional Atmospheric Conditions,1,Clear,0,No,0000000,Not Applicable,5,5:00am-5:59am,52,52,6,6:00am-6:59am,3,3,99,Unknown,99,Unknown EMS Hospital Arrival Time,0,None,0,None,0,None,1,0
2018,35,350207,New Mexico,1,1,0,1,1,3,3,41,ROOSEVELT (41),142,CAUSEY,17,17,8,August,2018,6,Friday,13,1:00pm-1:59pm,57,57,0,This section IS NOT on the NHS,1,Rural,7,Local,2,County Highway Agency,3,State Highway,SR-321 MM 3,,99998,Not Reported,33.86499167,33.86499167,-103.074163900,-103.07416389,0,No Special Jurisdiction,8,Pedestrian,0,Not a Collision with Motor Vehicle In-Transport,0,No,4,Driveway Access,1,Not an Intersection,0,None,,,1,On Roadway,1,Daylight,1,Clear,0,No Additional Atmospheric Conditions,1,Clear,0,No,0000000,Not Applicable,11,11:00am-11:59am,43,43,12,12:00pm-12:59pm,9,9,99,Unknown,99,Unknown EMS Hospital Arrival Time,0,None,0,None,0,None,1,0
2018,35,350208,New Mexico,2,2,0,0,0,3,3,57,TORRANCE (57),0,NOT APPLICABLE,18,18,8,August,2018,7,Saturday,20,8:00pm-8:59pm,26,26,0,This section IS NOT on the NHS,1,Rural,5,Major Collector,1,State Highway Agency,3,State Highway,SR-55,,99998,Not Reported,34.75390000,34.75390000,-106.290894400,-106.29089444,0,No Special Jurisdiction,12,Motor Vehicle In-Transport,2,Front-to-Front,0,No,1,Non-Junction,1,Not an Intersection,0,None,,,1,On Roadway,2,Dark - Not Lighted,1,Clear,0,No Additional Atmospheric Conditions,1,Clear,0,No,0000000,Not Applicable,20,8:00pm-8:59pm,28,28,20,8:00pm-8:59pm,52,52,99,Unknown,99,Unknown EMS Hospital Arrival Time,0,None,0,None,0,None,2,2