caseyear,state,st_case,statename,ve_total,ve_forms,pvh_invl,peds,pernotmvit,permvit,persons,county,countyname,city,cityname,day,dayname,month,monthname,year,day_week,day_weekname,hour,hourname,minute,minutename,nhs,nhsname,rur_urb,rur_urbname,func_sys,func_sysname,rd_owner,rd_ownername,route,routename,tway_id,tway_id2,milept,mileptname,latitude,latitudename,longitud,longitudname,sp_jur,sp_jurname,harm_ev,harm_evname,man_coll,man_collname,reljct1,reljct1name,reljct2,reljct2name,typ_int,typ_intname,wrk_zone,wrk_zonename,road_fnc,road_fncname,rel_road,rel_roadname,lgt_cond,lgt_condname,weather1,weather1name,weather2,weather2name,weather,weathername,sch_bus,sch_busname,rail,railname,not_hour,not_hourname,not_min,not_minname,arr_hour,arr_hourname,arr_min,arr_minname,hosp_hr,hosp_hrname,hosp_mn,hosp_mnname,cf1,cf1name,cf2,cf2name,cf3,cf3name,fatals,drunk_dr
2019,35,350025,New Mexico,2,2,0,0,0,2,2,35,OTERO (35),20,ALAMOGORDO,22,22,1,January,2019,3,Tuesday,11,11:00am-11:59am,53,53,0,This section IS NOT on the NHS,2,Urban,4,Minor Arterial,4,City or Municipal Highway Agency,6,Local Street - Municipality,INDIAN WELLS,ARIZONA,99998,Not Reported,32.91515278,32.91515278,-105.934619400,-105.93461944,0,No Special Jurisdiction,12,Motor Vehicle In-Transport,6,Angle,0,No,2,Intersection,3,T-Intersection,0,None,,,1,On Roadway,1,Daylight,1,Clear,0,No Additional Atmospheric Conditions,1,Clear,0,No,0000000,Not Applicable,11,11:00am-11:59am,55,55,12,12:00pm-12:59pm,1,1,12,12:00pm-12:59pm,26,26,0,None,0,None,0,None,1,0
2019,35,350026,New Mexico,2,2,0,0,0,3,3,1,BERNALILLO (1),30,ALBUQUERQUE,24,24,1,January,2019,5,Thursday,13,1:00pm-1:59pm,33,33,1,This section IS ON the NHS,1,Rural,1,Interstate,1,State Highway Agency,1,Interstate,I-40,,99998,Not Reported,35.04249444,35.04249444,-106.899508300,-106.89950833,0,No Special Jurisdiction,12,Motor Vehicle In-Transport,98,Not Reported,0,No,1,Non-Junction,1,Not an Intersection,0,None,,,1,On Roadway,1,Daylight,1,Clear,0,No Additional Atmospheric Conditions,1,Clear,0,No,0000000,Not Applicable,13,1:00pm-1:59pm,33,33,13,1:00pm-1:59pm,51,51,99,Unknown,99,Unknown EMS Hospital Arrival Time,0,None,0,None,0,None,2,0
2019,35,350027,New Mexico,3,3,0,0,0,10,10,1,BERNALILLO (1),30,ALBUQUERQUE,7,7,1,January,2019,2,Monday,19,7:00pm-7:59pm,15,15,1,This section IS ON the NHS,2,Urban,3,Principal Arterial - Other,1,State Highway Agency,3,State Highway,SR-45,MONTANO PLAZA DR,99998,Not Reported,35.15390278,35.15390278,-106.683138900,-106.68313889,0,No Special Jurisdiction,12,Motor Vehicle In-Transport,1,Front-to-Rear,0,No,3,Intersection-Related,2,Four-Way Intersection,0,None,,,1,On Roadway,2,Dark - Not Lighted,1,Clear,0,No Additional Atmospheric Conditions,1,Clear,0,No,0000000,Not Applicable,19,7:00pm-7:59pm,23,23,19,7:00pm-7:59pm,24,24,19,7:00pm-7:59pm,42,42,0,None,0,None,0,None,1,0
2019,35,350028,New Mexico,1,1,0,1,1,1,1,39,RIO ARRIBA (39),9997,Other,31,31,1,January,2019,5,Thursday,18,6:00pm-6:59pm,31,31,0,This section IS NOT on the NHS,2,Urban,3,Principal Arterial - Other,1,State Highway Agency,3,State Highway,SR-68,,99998,Not Reported,36.04178611,36.04178611,-106.062294400,-106.06229444,3,Indian Reservation,8,Pedestrian,0,The First Harmful Event was Not a Collision with a Motor Vehicle in Transport,0,No,1,Non-Junction,1,Not an Intersection,0,None,,,1,On Roadway,2,Dark - Not Lighted,1,Clear,0,No Additional Atmospheric Conditions,1,Clear,0,No,0000000,Not Applicable,18,6:00pm-6:59pm,32,32,18,6:00pm-6:59pm,40,40,88,Not Applicable (Not Transported),88,Not Applicable (Not Transported),0,None,0,None,0,None,1,0
2019,35,350029,New Mexico,1,1,0,1,1,1,1,35,OTERO (35),0,NOT APPLICABLE,10,10,2,February,2019,1,Sunday,2,2:00am-2:59am,55,55,1,This section IS ON the NHS,2,Urban,3,Principal Arterial - Other,1,State Highway Agency,2,U.S. Highway,US-54,,99998,Not Reported,32.96352778,32.96352778,-105.975661100,-105.97566111,0,No Special Jurisdiction,8,Pedestrian,0,The First Harmful Event was Not a Collision with a Motor Vehicle in Transport,0,No,1,Non-Junction,1,Not an Intersection,1,Construction,,,1,On Roadway,2,Dark - Not Lighted,1,Clear,0,No Additional Atmospheric Conditions,1,Clear,0,No,0000000,Not Applicable,2,2:00am-2:59am,52,52,2,2:00am-2:59am,55,55,88,Not Applicable (Not Transported),88,Not Applicable (Not Transported),0,None,0,None,0,None,1,0
2019,35,350030,New Mexico,1,1,0,0,0,4,4,35,OTERO (35),462,LA LUZ,24,24,2,February,2019,1,Sunday,6,6:00am-6:59am,57,57,0,This section IS NOT on the NHS,1,Rural,7,Local,2,County Highway Agency,9,Unknown,LA LUZ CANYON RD,,99998,Not Reported,32.98783889,32.98783889,-105.857227800,-105.85722778,0,No Special Jurisdiction,43,Other Fixed Object,0,The First Harmful Event was Not a Collision with a Motor Vehicle in Transport,0,No,1,Non-Junction,1,Not an Intersection,0,None,,,5,Outside Trafficway,2,Dark - Not Lighted,1,Clear,0,No Additional Atmospheric Conditions,1,Clear,0,No,0000000,Not Applicable,7,7:00am-7:59am,6,6,7,7:00am-7:59am,32,32,99,Unknown,99,Unknown EMS Hospital Arrival Time,0,None,0,None,0,None,2,1
2019,35,350031,New Mexico,2,2,0,0,0,2,2,61,VALENCIA (61),9997,Other,27,27,2,February,2019,4,Wednesday,10,10:00am-10:59am,32,32,0,This section IS NOT on the NHS,1,Rural,3,Principal Arterial - Other,1,State Highway Agency,3,State Highway,SR-47,,99998,Not Reported,34.87120833,34.87120833,-106.691244400,-106.69124444,3,Indian Reservation,12,Motor Vehicle In-Transport,2,Front-to-Front,0,No,1,Non-Junction,1,Not an Intersection,1,Construction,,,1,On Roadway,1,Daylight,1,Clear,0,No Additional Atmospheric Conditions,1,Clear,0,No,0000000,Not Applicable,10,10:00am-10:59am,39,39,10,10:00am-10:59am,39,39,11,11:00am-11:59am,25,25,0,None,0,None,0,None,1,0
2019,35,350032,New Mexico,1,1,0,0,0,4,4,31,MCKINLEY (31),0,NOT APPLICABLE,17,17,2,February,2019,1,Sunday,8,8:00am-8:59am,27,27,1,This section IS ON the NHS,2,Urban,1,Interstate,1,State Highway Agency,1,Interstate,I-40,,99998,Not Reported,35.53253889,35.53253889,-108.649191700,-108.64919167,0,No Special Jurisdiction,57,Cable Barrier,0,The First Harmful Event was Not a Collision with a Motor Vehicle in Transport,0,No,1,Non-Junction,1,Not an Intersection,0,None,,,3,On Median,1,Daylight,1,Clear,0,No Additional Atmospheric Conditions,1,Clear,0,No,0000000,Not Applicable,8,8:00am-8:59am,29,29,8,8:00am-8:59am,47,47,9,9:00am-9:59am,11,11,0,None,0,None,0,None,1,0
2019,35,350033,New Mexico,1,1,0,0,0,1,1,1,BERNALILLO (1),30,ALBUQUERQUE,19,19,2,February,2019,3,Tuesday,13,1:00pm-1:59pm,46,46,1,This section IS ON the NHS,2,Urban,1,Interstate,1,State Highway Agency,1,Interstate,I-40,,99998,Not Reported,35.10647778,35.10647778,-106.692644400,-106.69264444,0,No Special Jurisdiction,1,Rollover/Overturn,0,The First Harmful Event was Not a Collision with a Motor Vehicle in Transport,0,No,1,Non-Junction,1,Not an Intersection,0,None,,,1,On Roadway,1,Daylight,1,Clear,0,No Additional Atmospheric Conditions,1,Clear,0,No,0000000,Not Applicable,13,1:00pm-1:59pm,49,49,13,1:00pm-1:59pm,56,56,14,2:00pm-2:59pm,10,10,0,None,0,None,0,None,1,0
2019,35,350034,New Mexico,1,1,0,0,0,2,2,49,SANTA FE (49),710,SANTA FE,9,9,2,February,2019,7,Saturday,15,3:00pm-3:59pm,34,34,1,This section IS ON the NHS,2,Urban,1,Interstate,1,State Highway Agency,1,Interstate,I-25,,99998,Not Reported,35.63162222,35.63162222,-105.964119400,-105.96411944,0,No Special Jurisdiction,24,Guardrail Face,0,The First Harmful Event was Not a Collision with a Motor Vehicle in Transport,0,No,1,Non-Junction,1,Not an Intersection,0,None,,,3,On Median,1,Daylight,1,Clear,0,No Additional Atmospheric Conditions,1,Clear,0,No,0000000,Not Applicable,15,3:00pm-3:59pm,35,35,15,3:00pm-3:59pm,39,39,15,3:00pm-3:59pm,51,51,0,None,0,None,0,None,1,0
2019,35,350035,New Mexico,2,2,0,0,0,7,7,53,SOCORRO (53),0,NOT APPLICABLE,4,4,2,February,2019,2,Monday,20,8:00pm-8:59pm,53,53,1,This section IS ON the NHS,1,Rural,1,Interstate,1,State Highway Agency,1,Interstate,I-25,,99998,Not Reported,33.94107222,33.94107222,-106.883133300,-106.88313333,0,No Special Jurisdiction,1,Rollover/Overturn,0,The First Harmful Event was Not a Collision with a Motor Vehicle in Transport,0,No,1,Non-Junction,1,Not an Intersection,0,None,,,3,On Median,2,Dark - Not Lighted,1,Clear,0,No Additional Atmospheric Conditions,1,Clear,0,No,0000000,Not Applicable,20,8:00pm-8:59pm,54,54,21,9:00pm-9:59pm,2,2,21,9:00pm-9:59pm,31,31,14,"Motor Vehicle struck by falling cargo,or something that came loose from or something that was set in motion by a vehicle",0,None,0,None,1,0
2019,35,350036,New Mexico,1,1,0,1,1,1,1,1,BERNALILLO (1),30,ALBUQUERQUE,26,26,2,February,2019,3,Tuesday,5,5:00am-5:59am,8,8,0,This section IS NOT on the NHS,2,Urban,3,Principal Arterial - Other,1,State Highway Agency,3,State Highway,SR-45,,99998,Not Reported,35.02075000,35.02075000,-106.715036100,-106.71503611,0,No Special Jurisdiction,8,Pedestrian,0,The First Harmful Event was Not a Collision with a Motor Vehicle in Transport,0,No,1,Non-Junction,1,Not an Intersection,0,None,,,1,On Roadway,2,Dark - Not Lighted,1,Clear,0,No Additional Atmospheric Conditions,1,Clear,0,No,0000000,Not Applicable,99,Unknown,99,Unknown,99,Unknown EMS Scene Arrival Hour,99,Unknown EMS Scene Arrival Minutes,88,Not Applicable (Not Transported),88,Not Applicable (Not Transported),0,None,0,None,0,None,1,0
2019,35,350037,New Mexico,1,1,0,0,0,2,2,19,GUADALUPE (19),0,NOT APPLICABLE,19,19,2,February,2019,3,Tuesday,0,0:00am-0:59am,19,19,1,This section IS ON the NHS,1,Rural,1,Interstate,1,State Highway Agency,1,Interstate,I-40,,99998,Not Reported,34.96874722,34.96874722,-104.788900000,-104.788900000,0,No Special Jurisdiction,57,Cable Barrier,0,The First Harmful Event was Not a Collision with a Motor Vehicle in Transport,0,No,1,Non-Junction,1,Not an Intersection,0,None,,,3,On Median,2,Dark - Not Lighted,1,Clear,0,No Additional Atmospheric Conditions,1,Clear,0,No,0000000,Not Applicable,0,0:00am-0:59am,26,26,0,0:00am-0:59am,34,34,0,0:00am-0:59am,46,46,0,None,0,None,0,None,2,0
2019,35,350038,New Mexico,2,2,0,0,0,3,3,57,TORRANCE (57),0,NOT APPLICABLE,20,20,2,February,2019,4,Wednesday,8,8:00am-8:59am,46,46,1,This section IS ON the NHS,1,Rural,1,Interstate,1,State Highway Agency,1,Interstate,I-40,,99998,Not Reported,35.00442778,35.00442778,-105.599105600,-105.59910556,0,No Special Jurisdiction,1,Rollover/Overturn,0,The First Harmful Event was Not a Collision with a Motor Vehicle in Transport,0,No,1,Non-Junction,1,Not an Intersection,0,None,,,1,On Roadway,1,Daylight,6,Severe Crosswinds,0,No Additional Atmospheric Conditions,6,Severe Crosswinds,0,No,0000000,Not Applicable,8,8:00am-8:59am,46,46,9,9:00am-9:59am,7,7,99,Unknown,99,Unknown EMS Hospital Arrival Time,14,"Motor Vehicle struck by falling cargo,or something that came loose from or something that was set in motion by a vehicle",0,None,0,None,1,0
2019,35,350039,New Mexico,2,2,0,0,0,4,4,49,SANTA FE (49),710,SANTA FE,22,22,2,February,2019,6,Friday,7,7:00am-7:59am,26,26,1,This section IS ON the NHS,2,Urban,3,Principal Arterial - Other,1,State Highway Agency,2,U.S. Highway,US-84,PASEO DE PERALTA,99998,Not Reported,35.68158056,35.68158056,-105.954775000,-105.954775000,0,No Special Jurisdiction,12,Motor Vehicle In-Transport,6,Angle,0,No,2,Intersection,2,Four-Way Intersection,0,None,,,1,On Roadway,1,Daylight,1,Clear,0,No Additional Atmospheric Conditions,1,Clear,0,No,0000000,Not Applicable,7,7:00am-7:59am,32,32,7,7:00am-7:59am,38,38,7,7:00am-7:59am,45,45,0,None,0,None,0,None,2,0
2019,35,350040,New Mexico,1,1,0,1,1,1,1,1,BERNALILLO (1),30,ALBUQUERQUE,24,24,2,February,2019,1,Sunday,10,10:00am-10:59am,17,17,0,This section IS NOT on the NHS,2,Urban,3,Principal Arterial - Other,4,City or Municipal Highway Agency,6,Local Street - Municipality,MONTGOMERY BLVD NE,CARLISLE BLVE NE,99998,Not Reported,35.13098611,35.13098611,-106.603302800,-106.60330278,0,No Special Jurisdiction,8,Pedestrian,0,The First Harmful Event was Not a Collision with a Motor Vehicle in Transport,0,No,3,Intersection-Related,2,Four-Way Intersection,0,None,,,1,On Roadway,1,Daylight,1,Clear,0,No Additional Atmospheric Conditions,1,Clear,0,No,0000000,Not Applicable,10,10:00am-10:59am,19,19,10,10:00am-10:59am,24,24,10,10:00am-10:59am,37,37,0,None,0,None,0,None,1,0
2019,35,350041,New Mexico,1,1,0,0,0,1,1,33,MORA (33),0,NOT APPLICABLE,22,22,2,February,2019,6,Friday,22,10:00pm-10:59pm,51,51,0,This section IS NOT on the NHS,1,Rural,6,Minor Collector,1,State Highway Agency,9,Unknown,FRONTAGE ROAD 2151,,99998,Not Reported,35.92110000,35.92110000,-104.807544400,-104.80754444,0,No Special Jurisdiction,1,Rollover/Overturn,0,The First Harmful Event was Not a Collision with a Motor Vehicle in Transport,0,No,1,Non-Junction,1,Not an Intersection,0,None,,,2,On Shoulder,2,Dark - Not Lighted,4,Snow,0,No Additional Atmospheric Conditions,4,Snow,0,No,0000000,Not Applicable,99,Unknown,99,Unknown,99,Unknown EMS Scene Arrival Hour,99,Unknown EMS Scene Arrival Minutes,99,Unknown,99,Unknown EMS Hospital Arrival Time,0,None,0,None,0,None,1,0
2019,35,350042,New Mexico,1,1,0,0,0,1,1,39,RIO ARRIBA (39),266,EL RITO,23,23,2,February,2019,7,Saturday,12,12:00pm-12:59pm,58,58,0,This section IS NOT on the NHS,1,Rural,5,Major Collector,1,State Highway Agency,3,State Highway,SR-554,,99998,Not Reported,36.28911944,36.28911944,-106.180422200,-106.18042222,0,No Special Jurisdiction,1,Rollover/Overturn,0,The First Harmful Event was Not a Collision with a Motor Vehicle in Transport,0,No,1,Non-Junction,1,Not an Intersection,0,None,,,1,On Roadway,1,Daylight,1,Clear,0,No Additional Atmospheric Conditions,1,Clear,0,No,0000000,Not Applicable,99,Unknown,99,Unknown,99,Unknown EMS Scene Arrival Hour,99,Unknown EMS Scene Arrival Minutes,88,Not Applicable (Not Transported),88,Not Applicable (Not Transported),0,None,0,None,0,None,1,1
2019,35,350043,New Mexico,2,2,0,0,0,2,2,15,EDDY (15),130,CARLSBAD,28,28,2,February,2019,5,Thursday,16,4:00pm-4:59pm,28,28,0,This section IS NOT on the NHS,2,Urban,7,Local,4,City or Municipal Highway Agency,9,Unknown,PARKVIEW ST,FERNADALE ST,99998,Not Reported,32.43033889,32.43033889,-104.223708300,-104.22370833,0,No Special Jurisdiction,12,Motor Vehicle In-Transport,6,Angle,0,No,2,Intersection,2,Four-Way Intersection,0,None,,,1,On Roadway,1,Daylight,1,Clear,0,No Additional Atmospheric Conditions,1,Clear,0,No,0000000,Not Applicable,16,4:00pm-4:59pm,28,28,16,4:00pm-4:59pm,33,33,16,4:00pm-4:59pm,49,49,0,None,0,None,0,None,1,0
2019,35,350044,New Mexico,1,1,0,0,0,1,1,1,BERNALILLO (1),30,ALBUQUERQUE,24,24,2,February,2019,1,Sunday,8,8:00am-8:59am,17,17,1,This section IS ON the NHS,2,Urban,3,Principal Arterial - Other,1,State Highway Agency,3,State Highway,SR-423,,99998,Not Reported,35.17451944,35.17451944,-106.593650000,-106.593650000,0,No Special Jurisdiction,1,Rollover/Overturn,0,The First Harmful Event was Not a Collision with a Motor Vehicle in Transport,0,No,1,Non-Junction,1,Not an Intersection,0,None,,,4,On Roadside,1,Daylight,1,Clear,0,No Additional Atmospheric Conditions,1,Clear,0,No,0000000,Not Applicable,8,8:00am-8:59am,21,21,8,8:00am-8:59am,29,29,8,8:00am-8:59am,46,46,0,None,0,None,0,None,1,1
2019,35,350045,New Mexico,1,1,0,1,1,1,1,13,DONA ANA (13),470,LAS CRUCES,25,25,2,February,2019,2,Monday,17,5:00pm-5:59pm,28,28,1,This section IS ON the NHS,2,Urban,3,Principal Arterial - Other,4,City or Municipal Highway Agency,6,Local Street - Municipality,AMADOR AVE,MOTEL BLVD,99998,Not Reported,32.29650556,32.29650556,-106.811752800,-106.81175278,0,No Special Jurisdiction,9,Pedalcyclist,0,The First Harmful Event was Not a Collision with a Motor Vehicle in Transport,0,No,2,Intersection,2,Four-Way Intersection,0,None,,,1,On Roadway,1,Daylight,1,Clear,0,No Additional Atmospheric Conditions,1,Clear,0,No,0000000,Not Applicable,17,5:00pm-5:59pm,24,24,17,5:00pm-5:59pm,30,30,17,5:00pm-5:59pm,44,44,0,None,0,None,0,None,1,0
2019,35,350046,New Mexico,1,1,0,0,0,2,2,1,BERNALILLO (1),30,ALBUQUERQUE,10,10,2,February,2019,1,Sunday,19,7:00pm-7:59pm,25,25,0,This section IS NOT on the NHS,2,Urban,3,Principal Arterial - Other,1,State Highway Agency,3,State Highway,SR-313,,99998,Not Reported,35.21105000,35.21105000,-106.598141700,-106.59814167,3,Indian Reservation,59,Traffic Sign Support,0,The First Harmful Event was Not a Collision with a Motor Vehicle in Transport,0,No,1,Non-Junction,1,Not an Intersection,0,None,,,4,On Roadside,2,Dark - Not Lighted,1,Clear,0,No Additional Atmospheric Conditions,1,Clear,0,No,0000000,Not Applicable,19,7:00pm-7:59pm,27,27,19,7:00pm-7:59pm,31,31,19,7:00pm-7:59pm,58,58,0,None,0,None,0,None,1,1
2019,35,350047,New Mexico,1,1,0,1,1,1,1,1,BERNALILLO (1),30,ALBUQUERQUE,28,28,2,February,2019,5,Thursday,20,8:00pm-8:59pm,16,16,0,This section IS NOT on the NHS,2,Urban,3,Principal Arterial - Other,4,City or Municipal Highway Agency,6,Local Street - Municipality,CENTRAL AVE,CONCHAS ST NE,99998,Not Reported,35.07237778,35.07237778,-106.535644400,-106.53564444,0,No Special Jurisdiction,8,Pedestrian,0,The First Harmful Event was Not a Collision with a Motor Vehicle in Transport,0,No,2,Intersection,3,T-Intersection,0,None,,,1,On Roadway,3,Dark - Lighted,1,Clear,0,No Additional Atmospheric Conditions,1,Clear,0,No,0000000,Not Applicable,20,8:00pm-8:59pm,18,18,20,8:00pm-8:59pm,22,22,88,Not Applicable (Not Transported),88,Not Applicable (Not Transported),0,None,0,None,0,None,1,0
2019,35,350048,New Mexico,1,1,0,0,0,1,1,1,BERNALILLO (1),30,ALBUQUERQUE,8,8,2,February,2019,6,Friday,13,1:00pm-1:59pm,52,52,1,This section IS ON the NHS,2,Urban,1,Interstate,1,State Highway Agency,1,Interstate,I-25 RAMP,,99998,Not Reported,35.10481111,35.10481111,-106.630944400,-106.63094444,0,No Special Jurisdiction,25,Concrete Traffic Barrier,0,The First Harmful Event was Not a Collision with a Motor Vehicle in Transport,1,Yes,5,Entrance/Exit Ramp Related,1,Not an Intersection,0,None,,,3,On Median,1,Daylight,1,Clear,0,No Additional Atmospheric Conditions,1,Clear,0,No,0000000,Not Applicable,13,1:00pm-1:59pm,55,55,13,1:00pm-1:59pm,57,57,88,Not Applicable (Not Transported),88,Not Applicable (Not Transported),0,None,0,None,0,None,1,0
2019,35,350049,New Mexico,2,2,0,0,0,5,5,6,CIBOLA (6),360,GRANTS,7,7,2,February,2019,5,Thursday,11,11:00am-11:59am,53,53,1,This section IS ON the NHS,1,Rural,1,Interstate,1,State Highway Agency,1,Interstate,I-40,,99998,Not Reported,35.15808611,35.15808611,-107.882866700,-107.88286667,0,No Special Jurisdiction,12,Motor Vehicle In-Transport,1,Front-to-Rear,0,No,1,Non-Junction,1,Not an Intersection,0,None,,,1,On Roadway,1,Daylight,1,Clear,0,No Additional Atmospheric Conditions,1,Clear,0,No,0000000,Not Applicable,12,12:00pm-12:59pm,59,59,13,1:00pm-1:59pm,4,4,99,Unknown,99,Unknown EMS Hospital Arrival Time,27,Backup Due to Prior Crash,0,None,0,None,2,0
2019,35,350050,New Mexico,2,2,0,0,0,4,4,13,DONA ANA (13),470,LAS CRUCES,2,2,2,February,2019,7,Saturday,2,2:00am-2:59am,23,23,0,This section IS NOT on the NHS,2,Urban,7,Local,4,City or Municipal Highway Agency,9,Unknown,SPUCE AVE,WALNUT DR,99998,Not Reported,32.32466667,32.32466667,-106.762950000,-106.762950000,0,No Special Jurisdiction,12,Motor Vehicle In-Transport,6,Angle,0,No,2,Intersection,2,Four-Way Intersection,0,None,,,1,On Roadway,3,Dark - Lighted,1,Clear,0,No Additional Atmospheric Conditions,1,Clear,0,No,0000000,Not Applicable,2,2:00am-2:59am,23,23,2,2:00am-2:59am,29,29,99,Unknown,99,Unknown EMS Hospital Arrival Time,0,None,0,None,0,None,1,0
2019,35,350051,New Mexico,1,1,0,1,1,1,1,1,BERNALILLO (1),30,ALBUQUERQUE,22,22,2,February,2019,6,Friday,10,10:00am-10:59am,16,16,0,This section IS NOT on the NHS,2,Urban,3,Principal Arterial - Other,4,City or Municipal Highway Agency,6,Local Street - Municipality,1408 SAN MATEO BLVD SE,,99998,Not Reported,35.05948056,35.05948056,-106.586119400,-106.58611944,0,No Special Jurisdiction,8,Pedestrian,0,The First Harmful Event was Not a Collision with a Motor Vehicle in Transport,0,No,1,Non-Junction,1,Not an Intersection,0,None,,,1,On Roadway,1,Daylight,1,Clear,0,No Additional Atmospheric Conditions,1,Clear,0,No,0000000,Not Applicable,99,Unknown,99,Unknown,99,Unknown EMS Scene Arrival Hour,99,Unknown EMS Scene Arrival Minutes,88,Not Applicable (Not Transported),88,Not Applicable (Not Transported),0,None,0,None,0,None,1,0
2019,35,350052,New Mexico,1,1,0,1,1,2,2,1,BERNALILLO (1),30,ALBUQUERQUE,19,19,3,March,2019,3,Tuesday,7,7:00am-7:59am,26,26,0,This section IS NOT on the NHS,2,Urban,7,Local,2,County Highway Agency,9,Unknown,1528 GONZALES RD SW,,99998,Not Reported,35.07820000,35.07820000,-106.678327800,-106.67832778,0,No Special Jurisdiction,9,Pedalcyclist,0,The First Harmful Event was Not a Collision with a Motor Vehicle in Transport,0,No,1,Non-Junction,1,Not an Intersection,0,None,,,1,On Roadway,4,Dawn,2,Rain,0,No Additional Atmospheric Conditions,2,Rain,0,No,0000000,Not Applicable,7,7:00am-7:59am,27,27,7,7:00am-7:59am,35,35,8,8:00am-8:59am,2,2,0,None,0,None,0,None,1,0
2019,35,350053,New Mexico,2,2,0,0,0,2,2,29,LUNA (29),0,NOT APPLICABLE,3,3,3,March,2019,1,Sunday,5,5:00am-5:59am,30,30,0,This section IS NOT on the NHS,1,Rural,4,Minor Arterial,1,State Highway Agency,3,State Highway,SR-26,,99998,Not Reported,32.54551111,32.54551111,-107.480113900,-107.48011389,0,No Special Jurisdiction,12,Motor Vehicle In-Transport,2,Front-to-Front,0,No,1,Non-Junction,1,Not an Intersection,0,None,,,1,On Roadway,2,Dark - Not Lighted,1,Clear,0,No Additional Atmospheric Conditions,1,Clear,0,No,0000000,Not Applicable,5,5:00am-5:59am,58,58,6,6:00am-6:59am,17,17,88,Not Applicable (Not Transported),88,Not Applicable (Not Transported),0,None,0,None,0,None,1,0
2019,35,350054,New Mexico,3,3,0,0,0,4,4,1,BERNALILLO (1),30,ALBUQUERQUE,2,2,3,March,2019,7,Saturday,16,4:00pm-4:59pm,58,58,0,This section IS NOT on the NHS,2,Urban,5,Major Collector,1,State Highway Agency,9,Unknown,PAN AMERICAN FY NE,SAN ANTONIO DR NE,99998,Not Reported,35.15982778,35.15982778,-106.586450000,-106.586450000,0,No Special Jurisdiction,12,Motor Vehicle In-Transport,7,Sideswipe - Same Direction,0,No,3,Intersection-Related,2,Four-Way Intersection,0,None,,,1,On Roadway,1,Daylight,1,Clear,0,No Additional Atmospheric Conditions,1,Clear,0,No,0000000,Not Applicable,17,5:00pm-5:59pm,2,2,17,5:00pm-5:59pm,6,6,17,5:00pm-5:59pm,21,21,14,"Motor Vehicle struck by falling cargo,or something that came loose from or something that was set in motion by a vehicle",0,None,0,None,1,1
2019,35,350055,New Mexico,1,1,0,0,0,2,2,29,LUNA (29),0,NOT APPLICABLE,8,8,3,March,2019,6,Friday,17,5:00pm-5:59pm,45,45,0,This section IS NOT on the NHS,1,Rural,7,Local,2,County Highway Agency,9,Unknown,8TH STREET,,99998,Not Reported,32.16631944,32.16631944,-107.768102800,-107.76810278,0,No Special Jurisdiction,35,Embankment,0,The First Harmful Event was Not a Collision with a Motor Vehicle in Transport,0,No,1,Non-Junction,1,Not an Intersection,0,None,,,4,On Roadside,1,Daylight,6,Severe Crosswinds,0,No Additional Atmospheric Conditions,6,Severe Crosswinds,0,No,0000000,Not Applicable,17,5:00pm-5:59pm,42,42,17,5:00pm-5:59pm,54,54,18,6:00pm-6:59pm,30,30,0,None,0,None,0,None,1,0
2019,35,350056,New Mexico,1,1,0,1,1,5,5,31,MCKINLEY (31),340,GALLUP,5,5,3,March,2019,3,Tuesday,19,7:00pm-7:59pm,2,2,0,This section IS NOT on the NHS,2,Urban,3,Principal Arterial - Other,1,State Highway Agency,3,State Highway,SR-118,,99998,Not Reported,35.53270556,35.53270556,-108.646752800,-108.64675278,0,No Special Jurisdiction,8,Pedestrian,0,The First Harmful Event was Not a Collision with a Motor Vehicle in Transport,0,No,1,Non-Junction,1,Not an Intersection,0,None,,,1,On Roadway,2,Dark - Not Lighted,1,Clear,0,No Additional Atmospheric Conditions,1,Clear,0,No,0000000,Not Applicable,19,7:00pm-7:59pm,2,2,19,7:00pm-7:59pm,18,18,88,Not Applicable (Not Transported),88,Not Applicable (Not Transported),0,None,0,None,0,None,1,0
2019,35,350057,New Mexico,1,1,0,0,0,2,2,57,TORRANCE (57),144,CEDARVALE,29,29,3,March,2019,6,Friday,12,12:00pm-12:59pm,50,50,0,This section IS NOT on the NHS,1,Rural,5,Major Collector,1,State Highway Agency,3,State Highway,SR-42,,99998,Not Reported,34.41936111,34.41936111,-105.777925000,-105.777925000,0,No Special Jurisdiction,1,Rollover/Overturn,0,The First Harmful Event was Not a Collision with a Motor Vehicle in Transport,0,No,1,Non-Junction,1,Not an Intersection,0,None,,,2,On Shoulder,1,Daylight,1,Clear,0,No Additional Atmospheric Conditions,1,Clear,0,No,0000000,Not Applicable,99,Unknown,98,Unknown if Notified,99,Unknown EMS Scene Arrival Hour,98,Unknown if Arrived,88,Not Applicable (Not Transported),88,Not Applicable (Not Transported),0,None,0,None,0,None,2,0