caseyear,state,st_case,statename,ve_total,ve_forms,pvh_invl,peds,pernotmvit,permvit,persons,county,countyname,city,cityname,day,dayname,month,monthname,year,day_week,day_weekname,hour,hourname,minute,minutename,nhs,nhsname,rur_urb,rur_urbname,func_sys,func_sysname,rd_owner,rd_ownername,route,routename,tway_id,tway_id2,milept,mileptname,latitude,latitudename,longitud,longitudname,sp_jur,sp_jurname,harm_ev,harm_evname,man_coll,man_collname,reljct1,reljct1name,reljct2,reljct2name,typ_int,typ_intname,wrk_zone,wrk_zonename,road_fnc,road_fncname,rel_road,rel_roadname,lgt_cond,lgt_condname,weather1,weather1name,weather2,weather2name,weather,weathername,sch_bus,sch_busname,rail,railname,not_hour,not_hourname,not_min,not_minname,arr_hour,arr_hourname,arr_min,arr_minname,hosp_hr,hosp_hrname,hosp_mn,hosp_mnname,cf1,cf1name,cf2,cf2name,cf3,cf3name,fatals,drunk_dr
2019,35,350058,New Mexico,2,2,0,0,0,6,6,49,SANTA FE (49),0,NOT APPLICABLE,20,20,3,March,2019,4,Wednesday,10,10:00am-10:59am,14,14,1,This section IS ON the NHS,2,Urban,1,Interstate,1,State Highway Agency,1,Interstate,I-25,,99998,Not Reported,35.59503611,35.59503611,-106.055180600,-106.05518056,0,No Special Jurisdiction,1,Rollover/Overturn,0,The First Harmful Event was Not a Collision with a Motor Vehicle in Transport,0,No,1,Non-Junction,1,Not an Intersection,0,None,,,1,On Roadway,1,Daylight,1,Clear,0,No Additional Atmospheric Conditions,1,Clear,0,No,0000000,Not Applicable,10,10:00am-10:59am,14,14,10,10:00am-10:59am,20,20,10,10:00am-10:59am,45,45,14,"Motor Vehicle struck by falling cargo,or something that came loose from or something that was set in motion by a vehicle",0,None,0,None,1,0
2019,35,350059,New Mexico,1,1,0,0,0,1,1,13,DONA ANA (13),735,PLACITAS,31,31,3,March,2019,1,Sunday,16,4:00pm-4:59pm,39,39,0,This section IS NOT on the NHS,2,Urban,5,Major Collector,2,County Highway Agency,4,County Road,CR-AIRPORT RD,,99998,Not Reported,31.86055556,31.86055556,-106.682336100,-106.68233611,0,No Special Jurisdiction,1,Rollover/Overturn,0,The First Harmful Event was Not a Collision with a Motor Vehicle in Transport,0,No,1,Non-Junction,1,Not an Intersection,0,None,,,1,On Roadway,1,Daylight,1,Clear,0,No Additional Atmospheric Conditions,1,Clear,0,No,0000000,Not Applicable,16,4:00pm-4:59pm,41,41,16,4:00pm-4:59pm,50,50,88,Not Applicable (Not Transported),88,Not Applicable (Not Transported),0,None,0,None,0,None,1,0
2019,35,350060,New Mexico,3,3,0,0,0,5,5,25,LEA (25),0,NOT APPLICABLE,11,11,3,March,2019,2,Monday,7,7:00am-7:59am,17,17,0,This section IS NOT on the NHS,1,Rural,5,Major Collector,1,State Highway Agency,3,State Highway,SR-128,,99998,Not Reported,32.21040278,32.21040278,-103.452813900,-103.45281389,0,No Special Jurisdiction,12,Motor Vehicle In-Transport,6,Angle,0,No,1,Non-Junction,1,Not an Intersection,0,None,,,1,On Roadway,1,Daylight,1,Clear,0,No Additional Atmospheric Conditions,1,Clear,0,No,0000000,Not Applicable,7,7:00am-7:59am,13,13,7,7:00am-7:59am,34,34,99,Unknown,99,Unknown EMS Hospital Arrival Time,0,None,0,None,0,None,1,1
2019,35,350061,New Mexico,2,2,0,0,0,3,3,31,MCKINLEY (31),880,ZUNI,12,12,3,March,2019,3,Tuesday,17,5:00pm-5:59pm,25,25,0,This section IS NOT on the NHS,1,Rural,3,Principal Arterial - Other,1,State Highway Agency,3,State Highway,SR-602,,99998,Not Reported,35.21334444,35.21334444,-108.762800000,-108.762800000,3,Indian Reservation,12,Motor Vehicle In-Transport,6,Angle,0,No,1,Non-Junction,1,Not an Intersection,0,None,,,1,On Roadway,1,Daylight,2,Rain,4,Snow,4,Snow,0,No,0000000,Not Applicable,17,5:00pm-5:59pm,35,35,17,5:00pm-5:59pm,52,52,18,6:00pm-6:59pm,23,23,0,None,0,None,0,None,1,0
2019,35,350062,New Mexico,3,3,0,0,0,7,7,1,BERNALILLO (1),30,ALBUQUERQUE,24,24,3,March,2019,1,Sunday,20,8:00pm-8:59pm,50,50,0,This section IS NOT on the NHS,2,Urban,5,Major Collector,4,City or Municipal Highway Agency,6,Local Street - Municipality,DE VARGAS RD SW,DEL MASTRO DR SW,99998,Not Reported,35.05546667,35.05546667,-106.745563900,-106.74556389,0,No Special Jurisdiction,12,Motor Vehicle In-Transport,2,Front-to-Front,0,No,2,Intersection,3,T-Intersection,0,None,,,1,On Roadway,2,Dark - Not Lighted,1,Clear,0,No Additional Atmospheric Conditions,1,Clear,0,No,0000000,Not Applicable,20,8:00pm-8:59pm,58,58,21,9:00pm-9:59pm,10,10,21,9:00pm-9:59pm,48,48,14,"Motor Vehicle struck by falling cargo,or something that came loose from or something that was set in motion by a vehicle",0,None,0,None,1,0
2019,35,350063,New Mexico,2,2,0,0,0,2,2,1,BERNALILLO (1),30,ALBUQUERQUE,30,30,3,March,2019,7,Saturday,9,9:00am-9:59am,53,53,1,This section IS ON the NHS,2,Urban,3,Principal Arterial - Other,1,State Highway Agency,3,State Highway,SR-45,EAGLE RANCH RD NW,99998,Not Reported,35.17449722,35.17449722,-106.673755600,-106.67375556,0,No Special Jurisdiction,12,Motor Vehicle In-Transport,6,Angle,0,No,2,Intersection,2,Four-Way Intersection,0,None,,,1,On Roadway,1,Daylight,1,Clear,0,No Additional Atmospheric Conditions,1,Clear,0,No,0000000,Not Applicable,9,9:00am-9:59am,55,55,10,10:00am-10:59am,3,3,10,10:00am-10:59am,20,20,0,None,0,None,0,None,1,0
2019,35,350064,New Mexico,2,2,0,0,0,3,3,1,BERNALILLO (1),30,ALBUQUERQUE,17,17,3,March,2019,1,Sunday,19,7:00pm-7:59pm,10,10,1,This section IS ON the NHS,2,Urban,3,Principal Arterial - Other,1,State Highway Agency,3,State Highway,SR-556,ENCANTADO DR,99998,Not Reported,35.07407222,35.07407222,-106.496566700,-106.49656667,0,No Special Jurisdiction,12,Motor Vehicle In-Transport,1,Front-to-Rear,0,No,3,Intersection-Related,2,Four-Way Intersection,0,None,,,1,On Roadway,1,Daylight,1,Clear,0,No Additional Atmospheric Conditions,1,Clear,0,No,0000000,Not Applicable,19,7:00pm-7:59pm,15,15,19,7:00pm-7:59pm,15,15,99,Unknown,99,Unknown EMS Hospital Arrival Time,0,None,0,None,0,None,1,1
2019,35,350065,New Mexico,2,2,0,0,0,5,5,1,BERNALILLO (1),30,ALBUQUERQUE,4,4,3,March,2019,2,Monday,21,9:00pm-9:59pm,51,51,0,This section IS NOT on the NHS,2,Urban,4,Minor Arterial,4,City or Municipal Highway Agency,6,Local Street - Municipality,CARLISLE BLVD NE,COMANCHE RD NE,99998,Not Reported,35.12359167,35.12359167,-106.604052800,-106.60405278,0,No Special Jurisdiction,12,Motor Vehicle In-Transport,6,Angle,0,No,2,Intersection,2,Four-Way Intersection,0,None,,,1,On Roadway,3,Dark - Lighted,7,"Blowing Sand, Soil, Dirt",0,No Additional Atmospheric Conditions,7,"Blowing Sand, Soil, Dirt",0,No,0000000,Not Applicable,21,9:00pm-9:59pm,54,54,21,9:00pm-9:59pm,54,54,22,10:00pm-10:59pm,6,6,0,None,0,None,0,None,1,1
2019,35,350066,New Mexico,4,3,1,0,0,4,4,31,MCKINLEY (31),0,NOT APPLICABLE,6,6,3,March,2019,4,Wednesday,7,7:00am-7:59am,34,34,0,This section IS NOT on the NHS,1,Rural,4,Minor Arterial,1,State Highway Agency,3,State Highway,SR-371,,99998,Not Reported,35.46326111,35.46326111,-108.132888900,-108.13288889,0,No Special Jurisdiction,12,Motor Vehicle In-Transport,8,Sideswipe - Opposite Direction,0,No,1,Non-Junction,1,Not an Intersection,0,None,,,1,On Roadway,1,Daylight,1,Clear,0,No Additional Atmospheric Conditions,1,Clear,0,No,0000000,Not Applicable,99,Unknown,99,Unknown,99,Unknown EMS Scene Arrival Hour,99,Unknown EMS Scene Arrival Minutes,99,Unknown,99,Unknown EMS Hospital Arrival Time,0,None,0,None,0,None,1,0
2019,35,350067,New Mexico,1,1,0,0,0,1,1,15,EDDY (15),0,NOT APPLICABLE,24,24,3,March,2019,1,Sunday,22,10:00pm-10:59pm,50,50,0,This section IS NOT on the NHS,1,Rural,5,Major Collector,2,County Highway Agency,4,County Road,CR-720,,99998,Not Reported,32.20368056,32.20368056,-104.260805600,-104.26080556,0,No Special Jurisdiction,43,Other Fixed Object,0,The First Harmful Event was Not a Collision with a Motor Vehicle in Transport,0,No,1,Non-Junction,1,Not an Intersection,0,None,,,4,On Roadside,2,Dark - Not Lighted,1,Clear,0,No Additional Atmospheric Conditions,1,Clear,0,No,0000000,Not Applicable,99,Unknown,99,Unknown,99,Unknown EMS Scene Arrival Hour,99,Unknown EMS Scene Arrival Minutes,88,Not Applicable (Not Transported),88,Not Applicable (Not Transported),0,None,0,None,0,None,1,1
2019,35,350068,New Mexico,4,4,0,1,1,8,8,13,DONA ANA (13),470,LAS CRUCES,27,27,3,March,2019,4,Wednesday,20,8:00pm-8:59pm,13,13,1,This section IS ON the NHS,2,Urban,2,Principal Arterial - Other Freeways and Expressways,1,State Highway Agency,2,U.S. Highway,US-70,,99998,Not Reported,32.40196111,32.40196111,-106.666338900,-106.66633889,0,No Special Jurisdiction,12,Motor Vehicle In-Transport,1,Front-to-Rear,0,No,1,Non-Junction,1,Not an Intersection,0,None,,,1,On Roadway,2,Dark - Not Lighted,1,Clear,0,No Additional Atmospheric Conditions,1,Clear,0,No,0000000,Not Applicable,20,8:00pm-8:59pm,11,11,20,8:00pm-8:59pm,22,22,21,9:00pm-9:59pm,12,12,19,Recent/Previous Crash scene Nearby,0,None,0,None,1,0
2019,35,350069,New Mexico,1,1,0,0,0,1,1,53,SOCORRO (53),760,SOCORRO,29,29,3,March,2019,6,Friday,13,1:00pm-1:59pm,7,7,1,This section IS ON the NHS,1,Rural,3,Principal Arterial - Other,1,State Highway Agency,2,U.S. Highway,US-60,,99998,Not Reported,34.01756389,34.01756389,-107.036444400,-107.03644444,0,No Special Jurisdiction,1,Rollover/Overturn,0,The First Harmful Event was Not a Collision with a Motor Vehicle in Transport,0,No,98,Not Reported,1,Not an Intersection,0,None,,,4,On Roadside,1,Daylight,1,Clear,0,No Additional Atmospheric Conditions,1,Clear,0,No,0000000,Not Applicable,99,Unknown,98,Unknown if Notified,99,Unknown EMS Scene Arrival Hour,98,Unknown if Arrived,88,Not Applicable (Not Transported),88,Not Applicable (Not Transported),0,None,0,None,0,None,1,0
2019,35,350070,New Mexico,1,1,0,1,1,4,4,1,BERNALILLO (1),30,ALBUQUERQUE,23,23,3,March,2019,7,Saturday,19,7:00pm-7:59pm,33,33,0,This section IS NOT on the NHS,2,Urban,3,Principal Arterial - Other,4,City or Municipal Highway Agency,6,Local Street - Municipality,LOUISIANA BLVD SE,,99998,Not Reported,35.06132500,35.06132500,-106.568736100,-106.56873611,0,No Special Jurisdiction,8,Pedestrian,0,The First Harmful Event was Not a Collision with a Motor Vehicle in Transport,0,No,1,Non-Junction,1,Not an Intersection,0,None,,,11,Continuous Left - Turn Lane,5,Dusk,1,Clear,0,No Additional Atmospheric Conditions,1,Clear,0,No,0000000,Not Applicable,19,7:00pm-7:59pm,37,37,19,7:00pm-7:59pm,40,40,19,7:00pm-7:59pm,54,54,0,None,0,None,0,None,1,0
2019,35,350071,New Mexico,1,1,0,0,0,1,1,1,BERNALILLO (1),30,ALBUQUERQUE,12,12,3,March,2019,3,Tuesday,21,9:00pm-9:59pm,47,47,1,This section IS ON the NHS,2,Urban,3,Principal Arterial - Other,1,State Highway Agency,3,State Highway,SR-500,SR-45,99998,Not Reported,35.02735556,35.02735556,-106.713800000,-106.713800000,0,No Special Jurisdiction,46,Traffic Signal Support,0,The First Harmful Event was Not a Collision with a Motor Vehicle in Transport,0,No,3,Intersection-Related,2,Four-Way Intersection,0,None,,,12,Pedestrian Refuge Island or Traffic Island,3,Dark - Lighted,1,Clear,0,No Additional Atmospheric Conditions,1,Clear,0,No,0000000,Not Applicable,21,9:00pm-9:59pm,48,48,21,9:00pm-9:59pm,54,54,22,10:00pm-10:59pm,10,10,0,None,0,None,0,None,1,0
2019,35,350072,New Mexico,2,2,0,0,0,4,4,13,DONA ANA (13),0,NOT APPLICABLE,23,23,3,March,2019,7,Saturday,17,5:00pm-5:59pm,40,40,1,This section IS ON the NHS,2,Urban,2,Principal Arterial - Other Freeways and Expressways,1,State Highway Agency,2,U.S. Highway,US-70,,99998,Not Reported,32.41170278,32.41170278,-106.637627800,-106.63762778,0,No Special Jurisdiction,12,Motor Vehicle In-Transport,7,Sideswipe - Same Direction,0,No,1,Non-Junction,1,Not an Intersection,0,None,,,1,On Roadway,1,Daylight,1,Clear,0,No Additional Atmospheric Conditions,1,Clear,0,No,0000000,Not Applicable,17,5:00pm-5:59pm,41,41,17,5:00pm-5:59pm,51,51,88,Not Applicable (Not Transported),88,Not Applicable (Not Transported),0,None,0,None,0,None,1,1
2019,35,350073,New Mexico,1,1,0,1,1,2,2,45,SAN JUAN (45),335,FRUITLAND,30,30,3,March,2019,7,Saturday,22,10:00pm-10:59pm,56,56,0,This section IS NOT on the NHS,2,Urban,6,Minor Collector,2,County Highway Agency,4,County Road,CR-6700,,99998,Not Reported,36.75259722,36.75259722,-108.442111100,-108.44211111,0,No Special Jurisdiction,8,Pedestrian,0,The First Harmful Event was Not a Collision with a Motor Vehicle in Transport,0,No,1,Non-Junction,1,Not an Intersection,0,None,,,1,On Roadway,2,Dark - Not Lighted,1,Clear,0,No Additional Atmospheric Conditions,1,Clear,0,No,0000000,Not Applicable,99,Unknown,99,Unknown,99,Unknown EMS Scene Arrival Hour,98,Unknown if Arrived,88,Not Applicable (Not Transported),88,Not Applicable (Not Transported),0,None,0,None,0,None,1,0
2019,35,350074,New Mexico,1,1,0,0,0,1,1,1,BERNALILLO (1),30,ALBUQUERQUE,16,16,3,March,2019,7,Saturday,14,2:00pm-2:59pm,36,36,0,This section IS NOT on the NHS,2,Urban,3,Principal Arterial - Other,4,City or Municipal Highway Agency,6,Local Street - Municipality,MONTGOMERY BLVD,,99998,Not Reported,35.13054444,35.13054444,-106.543144400,-106.54314444,0,No Special Jurisdiction,33,Curb,0,The First Harmful Event was Not a Collision with a Motor Vehicle in Transport,0,No,1,Non-Junction,1,Not an Intersection,0,None,,,4,On Roadside,1,Daylight,1,Clear,0,No Additional Atmospheric Conditions,1,Clear,0,No,0000000,Not Applicable,14,2:00pm-2:59pm,41,41,14,2:00pm-2:59pm,57,57,15,3:00pm-3:59pm,19,19,0,None,0,None,0,None,1,0
2019,35,350075,New Mexico,3,3,0,0,0,5,5,23,HIDALGO (23),0,NOT APPLICABLE,24,24,3,March,2019,1,Sunday,15,3:00pm-3:59pm,36,36,1,This section IS ON the NHS,1,Rural,1,Interstate,1,State Highway Agency,1,Interstate,I-10,,99998,Not Reported,32.34433056,32.34433056,-108.769219400,-108.76921944,0,No Special Jurisdiction,12,Motor Vehicle In-Transport,2,Front-to-Front,0,No,1,Non-Junction,1,Not an Intersection,0,None,,,1,On Roadway,1,Daylight,1,Clear,0,No Additional Atmospheric Conditions,1,Clear,0,No,0000000,Not Applicable,99,Unknown,99,Unknown,99,Unknown EMS Scene Arrival Hour,99,Unknown EMS Scene Arrival Minutes,99,Unknown,99,Unknown EMS Hospital Arrival Time,0,None,0,None,0,None,4,0
2019,35,350076,New Mexico,1,1,0,0,0,2,2,31,MCKINLEY (31),0,NOT APPLICABLE,10,10,3,March,2019,1,Sunday,19,7:00pm-7:59pm,3,3,1,This section IS ON the NHS,1,Rural,1,Interstate,1,State Highway Agency,1,Interstate,I-40,,99998,Not Reported,35.44568333,35.44568333,-108.361530600,-108.36153056,0,No Special Jurisdiction,59,Traffic Sign Support,0,The First Harmful Event was Not a Collision with a Motor Vehicle in Transport,1,Yes,5,Entrance/Exit Ramp Related,1,Not an Intersection,0,None,,,8,Gore,1,Daylight,1,Clear,0,No Additional Atmospheric Conditions,1,Clear,0,No,0000000,Not Applicable,99,Unknown,98,Unknown if Notified,99,Unknown EMS Scene Arrival Hour,98,Unknown if Arrived,88,Not Applicable (Not Transported),88,Not Applicable (Not Transported),0,None,0,None,0,None,2,1
2019,35,350077,New Mexico,2,2,0,0,0,3,3,31,MCKINLEY (31),340,GALLUP,31,31,3,March,2019,1,Sunday,14,2:00pm-2:59pm,33,33,1,This section IS ON the NHS,1,Rural,1,Interstate,1,State Highway Agency,1,Interstate,I-40,,99998,Not Reported,35.39028889,35.39028889,-109.009752800,-109.00975278,0,No Special Jurisdiction,12,Motor Vehicle In-Transport,7,Sideswipe - Same Direction,0,No,1,Non-Junction,1,Not an Intersection,0,None,,,1,On Roadway,1,Daylight,1,Clear,0,No Additional Atmospheric Conditions,1,Clear,0,No,0000000,Not Applicable,14,2:00pm-2:59pm,35,35,14,2:00pm-2:59pm,50,50,15,3:00pm-3:59pm,32,32,3,Other Maintenance or Construction-Created Condition,0,None,0,None,1,0
2019,35,350078,New Mexico,2,2,0,0,0,3,3,6,CIBOLA (6),0,NOT APPLICABLE,5,5,3,March,2019,3,Tuesday,2,2:00am-2:59am,0,0,1,This section IS ON the NHS,1,Rural,1,Interstate,1,State Highway Agency,1,Interstate,I-40,,99998,Not Reported,35.07590278,35.07590278,-107.647797200,-107.64779722,3,Indian Reservation,12,Motor Vehicle In-Transport,8,Sideswipe - Opposite Direction,0,No,1,Non-Junction,1,Not an Intersection,0,None,,,1,On Roadway,2,Dark - Not Lighted,1,Clear,0,No Additional Atmospheric Conditions,1,Clear,0,No,0000000,Not Applicable,3,3:00am-3:59am,22,22,3,3:00am-3:59am,44,44,99,Unknown,99,Unknown EMS Hospital Arrival Time,0,None,0,None,0,None,1,1
2019,35,350079,New Mexico,2,2,0,0,0,4,4,5,CHAVES (5),0,NOT APPLICABLE,10,10,3,March,2019,1,Sunday,21,9:00pm-9:59pm,45,45,0,This section IS NOT on the NHS,1,Rural,7,Local,2,County Highway Agency,9,Unknown,E MORGAN RD,LINCOLN RD,99998,Not Reported,33.11032222,33.11032222,-104.370700000,-104.370700000,0,No Special Jurisdiction,12,Motor Vehicle In-Transport,6,Angle,0,No,2,Intersection,2,Four-Way Intersection,0,None,,,1,On Roadway,2,Dark - Not Lighted,1,Clear,0,No Additional Atmospheric Conditions,1,Clear,0,No,0000000,Not Applicable,99,Unknown,99,Unknown,99,Unknown EMS Scene Arrival Hour,99,Unknown EMS Scene Arrival Minutes,99,Unknown,99,Unknown EMS Hospital Arrival Time,0,None,0,None,0,None,1,1
2019,35,350080,New Mexico,1,1,0,0,0,1,1,7,COLFAX (7),0,NOT APPLICABLE,7,7,3,March,2019,5,Thursday,8,8:00am-8:59am,30,30,1,This section IS ON the NHS,1,Rural,3,Principal Arterial - Other,1,State Highway Agency,2,U.S. Highway,US-64,,99998,Not Reported,36.76080278,36.76080278,-104.102022200,-104.10202222,0,No Special Jurisdiction,1,Rollover/Overturn,0,The First Harmful Event was Not a Collision with a Motor Vehicle in Transport,0,No,1,Non-Junction,1,Not an Intersection,0,None,,,3,On Median,1,Daylight,1,Clear,0,No Additional Atmospheric Conditions,1,Clear,0,No,0000000,Not Applicable,8,8:00am-8:59am,30,30,8,8:00am-8:59am,58,58,99,Unknown,99,Unknown EMS Hospital Arrival Time,0,None,0,None,0,None,1,0
2019,35,350081,New Mexico,2,2,0,0,0,3,3,1,BERNALILLO (1),30,ALBUQUERQUE,27,27,3,March,2019,4,Wednesday,23,11:00pm-11:59pm,38,38,0,This section IS NOT on the NHS,2,Urban,7,Local,4,City or Municipal Highway Agency,9,Unknown,4TH STREET,CUTLER AVE NE,99998,Not Reported,35.10788889,35.10788889,-106.647238900,-106.64723889,0,No Special Jurisdiction,1,Rollover/Overturn,0,The First Harmful Event was Not a Collision with a Motor Vehicle in Transport,0,No,3,Intersection-Related,3,T-Intersection,0,None,,,1,On Roadway,3,Dark - Lighted,1,Clear,0,No Additional Atmospheric Conditions,1,Clear,0,No,0000000,Not Applicable,99,Unknown,98,Unknown if Notified,99,Unknown EMS Scene Arrival Hour,98,Unknown if Arrived,88,Not Applicable (Not Transported),88,Not Applicable (Not Transported),0,None,0,None,0,None,1,0
2019,35,350082,New Mexico,2,2,0,0,0,2,2,1,BERNALILLO (1),30,ALBUQUERQUE,20,20,3,March,2019,4,Wednesday,21,9:00pm-9:59pm,57,57,0,This section IS NOT on the NHS,2,Urban,7,Local,4,City or Municipal Highway Agency,9,Unknown,MC MAHON BLVD NW,SWEET DREAMS DR NW,99998,Not Reported,35.21425278,35.21425278,-106.703044400,-106.70304444,0,No Special Jurisdiction,12,Motor Vehicle In-Transport,6,Angle,0,No,2,Intersection,3,T-Intersection,0,None,,,1,On Roadway,3,Dark - Lighted,1,Clear,0,No Additional Atmospheric Conditions,1,Clear,0,No,0000000,Not Applicable,21,9:00pm-9:59pm,58,58,22,10:00pm-10:59pm,16,16,22,10:00pm-10:59pm,52,52,0,None,0,None,0,None,1,0
2019,35,350083,New Mexico,1,1,0,0,0,1,1,1,BERNALILLO (1),30,ALBUQUERQUE,6,6,3,March,2019,4,Wednesday,19,7:00pm-7:59pm,0,0,0,This section IS NOT on the NHS,2,Urban,4,Minor Arterial,4,City or Municipal Highway Agency,6,Local Street - Municipality,EDITH BLVD NE,OSUNA NE,99998,Not Reported,35.15158889,35.15158889,-106.623147200,-106.62314722,0,No Special Jurisdiction,1,Rollover/Overturn,0,The First Harmful Event was Not a Collision with a Motor Vehicle in Transport,0,No,2,Intersection,2,Four-Way Intersection,0,None,,,1,On Roadway,3,Dark - Lighted,1,Clear,0,No Additional Atmospheric Conditions,1,Clear,0,No,0000000,Not Applicable,19,7:00pm-7:59pm,3,3,19,7:00pm-7:59pm,14,14,99,Unknown,99,Unknown EMS Hospital Arrival Time,0,None,0,None,0,None,1,0
2019,35,350084,New Mexico,2,2,0,0,0,2,2,15,EDDY (15),0,NOT APPLICABLE,19,19,4,April,2019,6,Friday,7,7:00am-7:59am,58,58,0,This section IS NOT on the NHS,1,Rural,5,Major Collector,1,State Highway Agency,3,State Highway,SR-128,,99998,Not Reported,32.28035278,32.28035278,-103.779938900,-103.77993889,0,No Special Jurisdiction,12,Motor Vehicle In-Transport,2,Front-to-Front,0,No,1,Non-Junction,1,Not an Intersection,0,None,,,1,On Roadway,1,Daylight,1,Clear,0,No Additional Atmospheric Conditions,1,Clear,0,No,0000000,Not Applicable,99,Unknown,98,Unknown if Notified,99,Unknown EMS Scene Arrival Hour,98,Unknown if Arrived,88,Not Applicable (Not Transported),88,Not Applicable (Not Transported),0,None,0,None,0,None,2,0
2019,35,350085,New Mexico,1,1,0,1,1,2,2,1,BERNALILLO (1),30,ALBUQUERQUE,8,8,4,April,2019,2,Monday,21,9:00pm-9:59pm,52,52,1,This section IS ON the NHS,2,Urban,1,Interstate,1,State Highway Agency,1,Interstate,I-25,,99998,Not Reported,35.13284444,35.13284444,-106.609444400,-106.60944444,0,No Special Jurisdiction,8,Pedestrian,0,The First Harmful Event was Not a Collision with a Motor Vehicle in Transport,0,No,1,Non-Junction,1,Not an Intersection,0,None,,,1,On Roadway,3,Dark - Lighted,1,Clear,0,No Additional Atmospheric Conditions,1,Clear,0,No,0000000,Not Applicable,99,Unknown,99,Unknown,99,Unknown EMS Scene Arrival Hour,99,Unknown EMS Scene Arrival Minutes,88,Not Applicable (Not Transported),88,Not Applicable (Not Transported),0,None,0,None,0,None,1,0
2019,35,350086,New Mexico,2,2,0,0,0,1,1,13,DONA ANA (13),470,LAS CRUCES,27,27,4,April,2019,7,Saturday,1,1:00am-1:59am,20,20,1,This section IS ON the NHS,2,Urban,1,Interstate,1,State Highway Agency,1,Interstate,I-25,,99998,Not Reported,32.27986389,32.27986389,-106.736191700,-106.73619167,0,No Special Jurisdiction,12,Motor Vehicle In-Transport,6,Angle,0,No,1,Non-Junction,1,Not an Intersection,0,None,,,1,On Roadway,2,Dark - Not Lighted,1,Clear,0,No Additional Atmospheric Conditions,1,Clear,0,No,0000000,Not Applicable,1,1:00am-1:59am,18,18,1,1:00am-1:59am,24,24,88,Not Applicable (Not Transported),88,Not Applicable (Not Transported),19,Recent/Previous Crash scene Nearby,0,None,0,None,1,0
2019,35,350087,New Mexico,1,1,0,1,1,1,1,1,BERNALILLO (1),30,ALBUQUERQUE,31,31,3,March,2019,1,Sunday,20,8:00pm-8:59pm,17,17,0,This section IS NOT on the NHS,2,Urban,3,Principal Arterial - Other,4,City or Municipal Highway Agency,6,Local Street - Municipality,CENTRAL AVE,GIRARD AVE,99998,Not Reported,35.08096944,35.08096944,-106.613397200,-106.61339722,0,No Special Jurisdiction,8,Pedestrian,0,The First Harmful Event was Not a Collision with a Motor Vehicle in Transport,0,No,2,Intersection,7,"Five Point, or More",0,None,,,1,On Roadway,3,Dark - Lighted,2,Rain,0,No Additional Atmospheric Conditions,2,Rain,0,No,0000000,Not Applicable,20,8:00pm-8:59pm,19,19,20,8:00pm-8:59pm,20,20,20,8:00pm-8:59pm,25,25,0,None,0,None,0,None,1,0
2019,35,350088,New Mexico,1,1,0,0,0,1,1,45,SAN JUAN (45),70,AZTEC,31,31,3,March,2019,1,Sunday,17,5:00pm-5:59pm,12,12,0,This section IS NOT on the NHS,1,Rural,7,Local,2,County Highway Agency,9,Unknown,CR-2770,,99998,Not Reported,36.86945000,36.86945000,-107.937080600,-107.93708056,0,No Special Jurisdiction,1,Rollover/Overturn,0,The First Harmful Event was Not a Collision with a Motor Vehicle in Transport,0,No,1,Non-Junction,1,Not an Intersection,0,None,,,1,On Roadway,1,Daylight,1,Clear,0,No Additional Atmospheric Conditions,1,Clear,0,No,0000000,Not Applicable,18,6:00pm-6:59pm,20,20,18,6:00pm-6:59pm,24,24,99,Unknown,99,Unknown EMS Hospital Arrival Time,0,None,0,None,0,None,1,0
2019,35,350089,New Mexico,1,1,0,0,0,11,11,13,DONA ANA (13),735,PLACITAS,6,6,4,April,2019,7,Saturday,18,6:00pm-6:59pm,27,27,0,This section IS NOT on the NHS,1,Rural,5,Major Collector,2,County Highway Agency,4,County Road,CR-9,,99998,Not Reported,31.80443333,31.80443333,-106.863227800,-106.86322778,0,No Special Jurisdiction,1,Rollover/Overturn,0,The First Harmful Event was Not a Collision with a Motor Vehicle in Transport,0,No,1,Non-Junction,1,Not an Intersection,0,None,,,4,On Roadside,2,Dark - Not Lighted,1,Clear,0,No Additional Atmospheric Conditions,1,Clear,0,No,0000000,Not Applicable,18,6:00pm-6:59pm,30,30,18,6:00pm-6:59pm,43,43,99,Unknown,99,Unknown EMS Hospital Arrival Time,20,Police Pursuit Involved,0,None,0,None,2,0
2019,35,350090,New Mexico,1,1,0,1,1,1,1,1,BERNALILLO (1),30,ALBUQUERQUE,29,29,4,April,2019,2,Monday,7,7:00am-7:59am,28,28,0,This section IS NOT on the NHS,2,Urban,4,Minor Arterial,4,City or Municipal Highway Agency,6,Local Street - Municipality,ARENAL RD SW,,99998,Not Reported,35.05180278,35.05180278,-106.710572200,-106.71057222,0,No Special Jurisdiction,8,Pedestrian,0,The First Harmful Event was Not a Collision with a Motor Vehicle in Transport,0,No,1,Non-Junction,1,Not an Intersection,0,None,,,1,On Roadway,4,Dawn,1,Clear,0,No Additional Atmospheric Conditions,1,Clear,0,No,0000000,Not Applicable,99,Unknown,99,Unknown,99,Unknown EMS Scene Arrival Hour,99,Unknown EMS Scene Arrival Minutes,88,Not Applicable (Not Transported),88,Not Applicable (Not Transported),0,None,0,None,0,None,1,0