caseyear,state,st_case,statename,ve_total,ve_forms,pvh_invl,peds,pernotmvit,permvit,persons,county,countyname,city,cityname,day,dayname,month,monthname,year,day_week,day_weekname,hour,hourname,minute,minutename,nhs,nhsname,rur_urb,rur_urbname,func_sys,func_sysname,rd_owner,rd_ownername,route,routename,tway_id,tway_id2,milept,mileptname,latitude,latitudename,longitud,longitudname,sp_jur,sp_jurname,harm_ev,harm_evname,man_coll,man_collname,reljct1,reljct1name,reljct2,reljct2name,typ_int,typ_intname,wrk_zone,wrk_zonename,road_fnc,road_fncname,rel_road,rel_roadname,lgt_cond,lgt_condname,weather1,weather1name,weather2,weather2name,weather,weathername,sch_bus,sch_busname,rail,railname,not_hour,not_hourname,not_min,not_minname,arr_hour,arr_hourname,arr_min,arr_minname,hosp_hr,hosp_hrname,hosp_mn,hosp_mnname,cf1,cf1name,cf2,cf2name,cf3,cf3name,fatals,drunk_dr
2019,35,350091,New Mexico,2,2,0,0,0,4,4,1,BERNALILLO (1),30,ALBUQUERQUE,13,13,4,April,2019,7,Saturday,23,11:00pm-11:59pm,6,6,0,This section IS NOT on the NHS,2,Urban,3,Principal Arterial - Other,4,City or Municipal Highway Agency,9,Unknown,MONTGOMERY BLVD NE,,99998,Not Reported,35.13078889,35.13078889,-106.561033300,-106.56103333,0,No Special Jurisdiction,12,Motor Vehicle In-Transport,6,Angle,0,No,7,Crossover-Related,1,Not an Intersection,0,None,,,1,On Roadway,3,Dark - Lighted,1,Clear,0,No Additional Atmospheric Conditions,1,Clear,0,No,0000000,Not Applicable,11,11:00am-11:59am,18,18,11,11:00am-11:59am,25,25,99,Unknown,99,Unknown EMS Hospital Arrival Time,0,None,0,None,0,None,1,0
2019,35,350092,New Mexico,1,1,0,0,0,3,3,19,GUADALUPE (19),0,NOT APPLICABLE,22,22,4,April,2019,2,Monday,7,7:00am-7:59am,5,5,1,This section IS ON the NHS,1,Rural,1,Interstate,1,State Highway Agency,1,Interstate,I-40,,99998,Not Reported,35.02176667,35.02176667,-104.431416700,-104.43141667,0,No Special Jurisdiction,1,Rollover/Overturn,0,The First Harmful Event was Not a Collision with a Motor Vehicle in Transport,0,No,1,Non-Junction,1,Not an Intersection,0,None,,,4,On Roadside,1,Daylight,1,Clear,0,No Additional Atmospheric Conditions,1,Clear,0,No,0000000,Not Applicable,7,7:00am-7:59am,16,16,7,7:00am-7:59am,35,35,7,7:00am-7:59am,55,55,0,None,0,None,0,None,1,0
2019,35,350093,New Mexico,2,2,0,0,0,2,2,5,CHAVES (5),670,ROSWELL,25,25,4,April,2019,5,Thursday,3,3:00am-3:59am,57,57,1,This section IS ON the NHS,2,Urban,3,Principal Arterial - Other,1,State Highway Agency,2,U.S. Highway,US-285,MCGAFFEY ST,99998,Not Reported,33.37968611,33.37968611,-104.583380600,-104.58338056,0,No Special Jurisdiction,12,Motor Vehicle In-Transport,6,Angle,0,No,2,Intersection,2,Four-Way Intersection,0,None,,,1,On Roadway,2,Dark - Not Lighted,1,Clear,0,No Additional Atmospheric Conditions,1,Clear,0,No,0000000,Not Applicable,3,3:00am-3:59am,46,46,3,3:00am-3:59am,55,55,4,4:00am-4:59am,18,18,0,None,0,None,0,None,1,0
2019,35,350094,New Mexico,2,2,0,0,0,2,2,15,EDDY (15),0,NOT APPLICABLE,5,5,4,April,2019,6,Friday,8,8:00am-8:59am,12,12,0,This section IS NOT on the NHS,1,Rural,5,Major Collector,1,State Highway Agency,3,State Highway,SR-128,,99998,Not Reported,32.34343889,32.34343889,-103.985858300,-103.98585833,0,No Special Jurisdiction,12,Motor Vehicle In-Transport,8,Sideswipe - Opposite Direction,0,No,1,Non-Junction,1,Not an Intersection,0,None,,,1,On Roadway,1,Daylight,1,Clear,0,No Additional Atmospheric Conditions,1,Clear,0,No,0000000,Not Applicable,99,Unknown,99,Unknown,99,Unknown EMS Scene Arrival Hour,98,Unknown if Arrived,88,Not Applicable (Not Transported),88,Not Applicable (Not Transported),0,None,0,None,0,None,1,0
2019,35,350095,New Mexico,1,1,0,1,1,1,1,45,SAN JUAN (45),745,SHIPROCK,24,24,2,February,2019,1,Sunday,19,7:00pm-7:59pm,15,15,1,This section IS ON the NHS,2,Urban,3,Principal Arterial - Other,1,State Highway Agency,2,U.S. Highway,US-64,,99998,Not Reported,36.78503056,36.78503056,-108.679080600,-108.67908056,3,Indian Reservation,8,Pedestrian,0,The First Harmful Event was Not a Collision with a Motor Vehicle in Transport,0,No,1,Non-Junction,1,Not an Intersection,0,None,,,1,On Roadway,3,Dark - Lighted,1,Clear,0,No Additional Atmospheric Conditions,1,Clear,0,No,0000000,Not Applicable,19,7:00pm-7:59pm,17,17,19,7:00pm-7:59pm,19,19,19,7:00pm-7:59pm,32,32,0,None,0,None,0,None,1,0
2019,35,350096,New Mexico,1,1,0,0,0,2,2,15,EDDY (15),0,NOT APPLICABLE,28,28,4,April,2019,1,Sunday,19,7:00pm-7:59pm,23,23,0,This section IS NOT on the NHS,1,Rural,7,Local,4,City or Municipal Highway Agency,9,Unknown,SOUTH WIPP RD,,99998,Not Reported,32.35712222,32.35712222,-103.817338900,-103.81733889,0,No Special Jurisdiction,1,Rollover/Overturn,0,The First Harmful Event was Not a Collision with a Motor Vehicle in Transport,0,No,1,Non-Junction,1,Not an Intersection,0,None,,,4,On Roadside,5,Dusk,1,Clear,0,No Additional Atmospheric Conditions,1,Clear,0,No,0000000,Not Applicable,19,7:00pm-7:59pm,31,31,19,7:00pm-7:59pm,37,37,99,Unknown,99,Unknown EMS Hospital Arrival Time,0,None,0,None,0,None,1,1
2019,35,350097,New Mexico,2,2,0,0,0,2,2,25,LEA (25),0,NOT APPLICABLE,26,26,4,April,2019,6,Friday,2,2:00am-2:59am,29,29,0,This section IS NOT on the NHS,1,Rural,5,Major Collector,1,State Highway Agency,3,State Highway,SR-128,,99998,Not Reported,32.13670833,32.13670833,-103.245475000,-103.245475000,0,No Special Jurisdiction,12,Motor Vehicle In-Transport,2,Front-to-Front,0,No,1,Non-Junction,1,Not an Intersection,0,None,,,1,On Roadway,2,Dark - Not Lighted,1,Clear,0,No Additional Atmospheric Conditions,1,Clear,0,No,0000000,Not Applicable,99,Unknown,99,Unknown,99,Unknown EMS Scene Arrival Hour,99,Unknown EMS Scene Arrival Minutes,99,Unknown,99,Unknown EMS Hospital Arrival Time,0,None,0,None,0,None,1,0
2019,35,350098,New Mexico,3,3,0,0,0,3,3,1,BERNALILLO (1),30,ALBUQUERQUE,6,6,4,April,2019,7,Saturday,16,4:00pm-4:59pm,58,58,0,This section IS NOT on the NHS,2,Urban,3,Principal Arterial - Other,4,City or Municipal Highway Agency,6,Local Street - Municipality,LOMAS BLVD NE,MORNINGSIDE DR NE,99998,Not Reported,35.08742778,35.08742778,-106.599872200,-106.59987222,0,No Special Jurisdiction,12,Motor Vehicle In-Transport,6,Angle,0,No,2,Intersection,3,T-Intersection,0,None,,,1,On Roadway,1,Daylight,1,Clear,0,No Additional Atmospheric Conditions,1,Clear,0,No,0000000,Not Applicable,17,5:00pm-5:59pm,0,0,17,5:00pm-5:59pm,3,3,17,5:00pm-5:59pm,30,30,14,"Motor Vehicle struck by falling cargo,or something that came loose from or something that was set in motion by a vehicle",0,None,0,None,1,0
2019,35,350099,New Mexico,1,1,0,1,1,1,1,41,ROOSEVELT (41),640,PORTALES,8,8,4,April,2019,2,Monday,8,8:00am-8:59am,49,49,1,This section IS ON the NHS,1,Rural,3,Principal Arterial - Other,1,State Highway Agency,2,U.S. Highway,US-70,,99998,Not Reported,34.20470000,34.20470000,-103.315077800,-103.31507778,0,No Special Jurisdiction,9,Pedalcyclist,0,The First Harmful Event was Not a Collision with a Motor Vehicle in Transport,0,No,1,Non-Junction,1,Not an Intersection,0,None,,,1,On Roadway,1,Daylight,1,Clear,0,No Additional Atmospheric Conditions,1,Clear,0,No,0000000,Not Applicable,8,8:00am-8:59am,22,22,8,8:00am-8:59am,34,34,88,Not Applicable (Not Transported),88,Not Applicable (Not Transported),0,None,0,None,0,None,1,0
2019,35,350100,New Mexico,1,1,0,0,0,3,3,35,OTERO (35),0,NOT APPLICABLE,20,20,4,April,2019,7,Saturday,9,9:00am-9:59am,40,40,1,This section IS ON the NHS,1,Rural,3,Principal Arterial - Other,1,State Highway Agency,2,U.S. Highway,US-70,,99998,Not Reported,33.10503611,33.10503611,-105.944194400,-105.94419444,0,No Special Jurisdiction,1,Rollover/Overturn,0,The First Harmful Event was Not a Collision with a Motor Vehicle in Transport,0,No,1,Non-Junction,1,Not an Intersection,0,None,,,1,On Roadway,1,Daylight,1,Clear,0,No Additional Atmospheric Conditions,1,Clear,0,No,0000000,Not Applicable,9,9:00am-9:59am,43,43,10,10:00am-10:59am,2,2,99,Unknown,99,Unknown EMS Hospital Arrival Time,0,None,0,None,0,None,1,0
2019,35,350101,New Mexico,1,1,0,0,0,1,1,53,SOCORRO (53),0,NOT APPLICABLE,21,21,4,April,2019,1,Sunday,2,2:00am-2:59am,16,16,1,This section IS ON the NHS,1,Rural,3,Principal Arterial - Other,1,State Highway Agency,2,U.S. Highway,US-60,,99998,Not Reported,34.13916944,34.13916944,-107.187400000,-107.187400000,0,No Special Jurisdiction,1,Rollover/Overturn,0,The First Harmful Event was Not a Collision with a Motor Vehicle in Transport,0,No,1,Non-Junction,1,Not an Intersection,0,None,,,4,On Roadside,2,Dark - Not Lighted,1,Clear,0,No Additional Atmospheric Conditions,1,Clear,0,No,0000000,Not Applicable,99,Unknown,99,Unknown,99,Unknown EMS Scene Arrival Hour,98,Unknown if Arrived,88,Not Applicable (Not Transported),88,Not Applicable (Not Transported),0,None,0,None,0,None,1,0
2019,35,350102,New Mexico,1,1,0,0,0,1,1,53,SOCORRO (53),0,NOT APPLICABLE,30,30,4,April,2019,3,Tuesday,4,4:00am-4:59am,0,0,1,This section IS ON the NHS,1,Rural,3,Principal Arterial - Other,1,State Highway Agency,2,U.S. Highway,US-60,,99998,Not Reported,34.01696667,34.01696667,-107.033586100,-107.03358611,0,No Special Jurisdiction,24,Guardrail Face,0,The First Harmful Event was Not a Collision with a Motor Vehicle in Transport,0,No,1,Non-Junction,1,Not an Intersection,0,None,,,4,On Roadside,1,Daylight,1,Clear,0,No Additional Atmospheric Conditions,1,Clear,0,No,0000000,Not Applicable,99,Unknown,99,Unknown,99,Unknown EMS Scene Arrival Hour,98,Unknown if Arrived,88,Not Applicable (Not Transported),88,Not Applicable (Not Transported),0,None,0,None,0,None,1,0
2019,35,350103,New Mexico,2,2,0,0,0,4,4,39,RIO ARRIBA (39),406,HERNANDEZ,12,12,4,April,2019,6,Friday,11,11:00am-11:59am,9,9,1,This section IS ON the NHS,1,Rural,3,Principal Arterial - Other,1,State Highway Agency,2,U.S. Highway,US-84,,99998,Not Reported,36.02720000,36.02720000,-106.092666700,-106.09266667,3,Indian Reservation,12,Motor Vehicle In-Transport,6,Angle,0,No,7,Crossover-Related,1,Not an Intersection,0,None,,,1,On Roadway,1,Daylight,1,Clear,0,No Additional Atmospheric Conditions,1,Clear,0,No,0000000,Not Applicable,11,11:00am-11:59am,25,25,11,11:00am-11:59am,27,27,11,11:00am-11:59am,44,44,0,None,0,None,0,None,1,1
2019,35,350104,New Mexico,1,1,0,0,0,1,1,51,SIERRA (51),810,TRUTH OR CONSEQUENCES,30,30,4,April,2019,3,Tuesday,23,11:00pm-11:59pm,40,40,1,This section IS ON the NHS,2,Urban,3,Principal Arterial - Other,1,State Highway Agency,8,Other,S DATE,MAIN ST,99998,Not Reported,33.12960278,33.12960278,-107.250602800,-107.25060278,0,No Special Jurisdiction,42,Tree (Standing Only),0,The First Harmful Event was Not a Collision with a Motor Vehicle in Transport,1,Yes,3,Intersection-Related,3,T-Intersection,0,None,,,3,On Median,3,Dark - Lighted,1,Clear,0,No Additional Atmospheric Conditions,1,Clear,0,No,0000000,Not Applicable,23,11:00pm-11:59pm,44,44,23,11:00pm-11:59pm,48,48,88,Not Applicable (Not Transported),88,Not Applicable (Not Transported),0,None,0,None,0,None,1,1
2019,35,350105,New Mexico,2,1,1,1,1,1,1,13,DONA ANA (13),157,CHAMBERINO,3,3,4,April,2019,4,Wednesday,8,8:00am-8:59am,22,22,0,This section IS NOT on the NHS,2,Urban,7,Local,2,County Highway Agency,9,Unknown,1213 AREO LN,,99998,Not Reported,32.06945000,32.06945000,-106.614444400,-106.61444444,0,No Special Jurisdiction,14,Parked Motor Vehicle,0,The First Harmful Event was Not a Collision with a Motor Vehicle in Transport,0,No,8,Driveway Access Related,1,Not an Intersection,0,None,,,7,In Parking Lane/Zone,1,Daylight,1,Clear,0,No Additional Atmospheric Conditions,1,Clear,0,No,0000000,Not Applicable,8,8:00am-8:59am,23,23,8,8:00am-8:59am,33,33,9,9:00am-9:59am,16,16,15,"Non-occupant struck by falling cargo, or something that came loose from, or something that was set in motion by a vehicle",0,None,0,None,1,0
2019,35,350106,New Mexico,3,3,0,0,0,3,3,25,LEA (25),0,NOT APPLICABLE,11,11,4,April,2019,5,Thursday,22,10:00pm-10:59pm,8,8,1,This section IS ON the NHS,1,Rural,3,Principal Arterial - Other,1,State Highway Agency,2,U.S. Highway,US-62,SR-176,99998,Not Reported,32.55461111,32.55461111,-103.725969400,-103.72596944,0,No Special Jurisdiction,12,Motor Vehicle In-Transport,6,Angle,0,No,2,Intersection,2,Four-Way Intersection,0,None,,,1,On Roadway,2,Dark - Not Lighted,1,Clear,0,No Additional Atmospheric Conditions,1,Clear,0,No,0000000,Not Applicable,22,10:00pm-10:59pm,20,20,22,10:00pm-10:59pm,31,31,99,Unknown,99,Unknown EMS Hospital Arrival Time,0,None,0,None,0,None,1,0
2019,35,350107,New Mexico,1,1,0,1,1,1,1,5,CHAVES (5),670,ROSWELL,28,28,5,May,2019,3,Tuesday,12,12:00pm-12:59pm,59,59,1,This section IS ON the NHS,2,Urban,3,Principal Arterial - Other,1,State Highway Agency,2,U.S. Highway,US-380,,99998,Not Reported,33.39414444,33.39414444,-104.568013900,-104.56801389,0,No Special Jurisdiction,9,Pedalcyclist,0,The First Harmful Event was Not a Collision with a Motor Vehicle in Transport,0,No,1,Non-Junction,1,Not an Intersection,0,None,,,1,On Roadway,1,Daylight,1,Clear,0,No Additional Atmospheric Conditions,1,Clear,0,No,0000000,Not Applicable,13,1:00pm-1:59pm,23,23,13,1:00pm-1:59pm,30,30,13,1:00pm-1:59pm,41,41,0,None,0,None,0,None,1,0
2019,35,350108,New Mexico,1,1,0,0,0,3,3,15,EDDY (15),0,NOT APPLICABLE,2,2,5,May,2019,5,Thursday,19,7:00pm-7:59pm,56,56,1,This section IS ON the NHS,1,Rural,3,Principal Arterial - Other,1,State Highway Agency,2,U.S. Highway,US-62,,99998,Not Reported,32.52826667,32.52826667,-104.007652800,-104.00765278,0,No Special Jurisdiction,1,Rollover/Overturn,0,The First Harmful Event was Not a Collision with a Motor Vehicle in Transport,0,No,1,Non-Junction,1,Not an Intersection,0,None,,,3,On Median,3,Dark - Lighted,1,Clear,0,No Additional Atmospheric Conditions,1,Clear,0,No,0000000,Not Applicable,99,Unknown,99,Unknown,99,Unknown EMS Scene Arrival Hour,99,Unknown EMS Scene Arrival Minutes,99,Unknown,99,Unknown EMS Hospital Arrival Time,0,None,0,None,0,None,1,0
2019,35,350109,New Mexico,2,2,0,0,0,2,2,13,DONA ANA (13),596,MESQUITE,4,4,5,May,2019,7,Saturday,15,3:00pm-3:59pm,37,37,0,This section IS NOT on the NHS,1,Rural,5,Major Collector,1,State Highway Agency,3,State Highway,SR-192,,99998,Not Reported,32.16157222,32.16157222,-106.703625000,-106.703625000,0,No Special Jurisdiction,12,Motor Vehicle In-Transport,6,Angle,0,No,8,Driveway Access Related,1,Not an Intersection,0,None,,,1,On Roadway,1,Daylight,1,Clear,0,No Additional Atmospheric Conditions,1,Clear,0,No,0000000,Not Applicable,99,Unknown,98,Unknown if Notified,99,Unknown EMS Scene Arrival Hour,98,Unknown if Arrived,88,Not Applicable (Not Transported),88,Not Applicable (Not Transported),0,None,0,None,0,None,1,0
2019,35,350110,New Mexico,1,1,0,0,0,1,1,35,OTERO (35),0,NOT APPLICABLE,7,7,5,May,2019,3,Tuesday,10,10:00am-10:59am,0,0,0,This section IS NOT on the NHS,1,Rural,4,Minor Arterial,1,State Highway Agency,2,U.S. Highway,US-82,,99998,Not Reported,32.94739444,32.94739444,-105.856180600,-105.85618056,0,No Special Jurisdiction,5,Fell/Jumped from Vehicle,0,The First Harmful Event was Not a Collision with a Motor Vehicle in Transport,0,No,1,Non-Junction,1,Not an Intersection,0,None,,,1,On Roadway,1,Daylight,1,Clear,0,No Additional Atmospheric Conditions,1,Clear,0,No,0000000,Not Applicable,99,Unknown,99,Unknown,99,Unknown EMS Scene Arrival Hour,98,Unknown if Arrived,88,Not Applicable (Not Transported),88,Not Applicable (Not Transported),0,None,0,None,0,None,1,0
2019,35,350111,New Mexico,2,2,0,0,0,5,5,27,LINCOLN (27),210,CORONA,6,6,5,May,2019,2,Monday,0,0:00am-0:59am,3,3,1,This section IS ON the NHS,1,Rural,3,Principal Arterial - Other,1,State Highway Agency,2,U.S. Highway,US-54,,99998,Not Reported,34.24061111,34.24061111,-105.597775000,-105.597775000,0,No Special Jurisdiction,12,Motor Vehicle In-Transport,2,Front-to-Front,0,No,1,Non-Junction,1,Not an Intersection,0,None,,,1,On Roadway,2,Dark - Not Lighted,1,Clear,0,No Additional Atmospheric Conditions,1,Clear,0,No,0000000,Not Applicable,0,0:00am-0:59am,7,7,1,1:00am-1:59am,31,31,2,2:00am-2:59am,18,18,0,None,0,None,0,None,1,1
2019,35,350112,New Mexico,2,2,0,0,0,3,3,15,EDDY (15),0,NOT APPLICABLE,26,26,5,May,2019,1,Sunday,6,6:00am-6:59am,9,9,0,This section IS NOT on the NHS,1,Rural,4,Minor Arterial,1,State Highway Agency,2,U.S. Highway,US-82,,99998,Not Reported,32.80910556,32.80910556,-104.234036100,-104.23403611,0,No Special Jurisdiction,12,Motor Vehicle In-Transport,8,Sideswipe - Opposite Direction,0,No,1,Non-Junction,1,Not an Intersection,1,Construction,,,1,On Roadway,1,Daylight,1,Clear,0,No Additional Atmospheric Conditions,1,Clear,0,No,0000000,Not Applicable,99,Unknown,99,Unknown,99,Unknown EMS Scene Arrival Hour,99,Unknown EMS Scene Arrival Minutes,99,Unknown,99,Unknown EMS Hospital Arrival Time,0,None,0,None,0,None,1,0
2019,35,350113,New Mexico,1,1,0,0,0,2,2,5,CHAVES (5),0,NOT APPLICABLE,25,25,5,May,2019,7,Saturday,21,9:00pm-9:59pm,13,13,1,This section IS ON the NHS,1,Rural,3,Principal Arterial - Other,1,State Highway Agency,2,U.S. Highway,US-285,,99998,Not Reported,33.24469167,33.24469167,-104.461822200,-104.46182222,0,No Special Jurisdiction,1,Rollover/Overturn,0,The First Harmful Event was Not a Collision with a Motor Vehicle in Transport,0,No,1,Non-Junction,1,Not an Intersection,0,None,,,3,On Median,2,Dark - Not Lighted,1,Clear,0,No Additional Atmospheric Conditions,1,Clear,0,No,0000000,Not Applicable,21,9:00pm-9:59pm,10,10,21,9:00pm-9:59pm,26,26,22,10:00pm-10:59pm,5,5,0,None,0,None,0,None,1,1
2019,35,350114,New Mexico,2,2,0,0,0,4,4,1,BERNALILLO (1),30,ALBUQUERQUE,24,24,5,May,2019,6,Friday,22,10:00pm-10:59pm,49,49,0,This section IS NOT on the NHS,2,Urban,5,Major Collector,1,State Highway Agency,9,Unknown,PAN AMERICAN EAST HY NE,ALAMEDA AVE NE,99998,Not Reported,35.18460833,35.18460833,-106.580300000,-106.580300000,0,No Special Jurisdiction,12,Motor Vehicle In-Transport,6,Angle,0,No,2,Intersection,3,T-Intersection,0,None,,,1,On Roadway,3,Dark - Lighted,1,Clear,0,No Additional Atmospheric Conditions,1,Clear,0,No,0000000,Not Applicable,22,10:00pm-10:59pm,53,53,23,11:00pm-11:59pm,2,2,23,11:00pm-11:59pm,14,14,0,None,0,None,0,None,2,1
2019,35,350115,New Mexico,1,1,0,0,0,1,1,15,EDDY (15),0,NOT APPLICABLE,26,26,5,May,2019,1,Sunday,20,8:00pm-8:59pm,5,5,0,This section IS NOT on the NHS,1,Rural,7,Local,2,County Highway Agency,9,Unknown,COUNTY ROAD 31,,99998,Not Reported,32.63684444,32.63684444,-104.401686100,-104.40168611,0,No Special Jurisdiction,1,Rollover/Overturn,0,The First Harmful Event was Not a Collision with a Motor Vehicle in Transport,0,No,1,Non-Junction,1,Not an Intersection,0,None,,,5,Outside Trafficway,2,Dark - Not Lighted,1,Clear,0,No Additional Atmospheric Conditions,1,Clear,0,No,0000000,Not Applicable,99,Unknown,99,Unknown,99,Unknown EMS Scene Arrival Hour,99,Unknown EMS Scene Arrival Minutes,88,Not Applicable (Not Transported),88,Not Applicable (Not Transported),0,None,0,None,0,None,1,1
2019,35,350116,New Mexico,2,2,0,1,1,2,2,1,BERNALILLO (1),30,ALBUQUERQUE,27,27,5,May,2019,2,Monday,22,10:00pm-10:59pm,30,30,0,This section IS NOT on the NHS,2,Urban,3,Principal Arterial - Other,4,City or Municipal Highway Agency,6,Local Street - Municipality,UNSER BLVD,BLACK ARROYO BLVD,99998,Not Reported,35.21781389,35.21781389,-106.696602800,-106.69660278,0,No Special Jurisdiction,8,Pedestrian,0,The First Harmful Event was Not a Collision with a Motor Vehicle in Transport,0,No,3,Intersection-Related,3,T-Intersection,0,None,,,1,On Roadway,2,Dark - Not Lighted,1,Clear,0,No Additional Atmospheric Conditions,1,Clear,0,No,0000000,Not Applicable,99,Unknown,99,Unknown,99,Unknown EMS Scene Arrival Hour,99,Unknown EMS Scene Arrival Minutes,99,Unknown,99,Unknown EMS Hospital Arrival Time,14,"Motor Vehicle struck by falling cargo,or something that came loose from or something that was set in motion by a vehicle",0,None,0,None,1,0
2019,35,350117,New Mexico,1,1,0,1,1,1,1,45,SAN JUAN (45),310,FARMINGTON,24,24,5,May,2019,6,Friday,1,1:00am-1:59am,30,30,0,This section IS NOT on the NHS,1,Rural,4,Minor Arterial,1,State Highway Agency,3,State Highway,SR-371,,99998,Not Reported,36.70985278,36.70985278,-108.237797200,-108.23779722,0,No Special Jurisdiction,8,Pedestrian,0,The First Harmful Event was Not a Collision with a Motor Vehicle in Transport,0,No,1,Non-Junction,1,Not an Intersection,0,None,,,1,On Roadway,2,Dark - Not Lighted,1,Clear,0,No Additional Atmospheric Conditions,1,Clear,0,No,0000000,Not Applicable,99,Unknown,99,Unknown,99,Unknown EMS Scene Arrival Hour,99,Unknown EMS Scene Arrival Minutes,88,Not Applicable (Not Transported),88,Not Applicable (Not Transported),0,None,0,None,0,None,1,1
2019,35,350118,New Mexico,2,2,0,0,0,4,4,45,SAN JUAN (45),310,FARMINGTON,14,14,5,May,2019,3,Tuesday,16,4:00pm-4:59pm,34,34,0,This section IS NOT on the NHS,1,Rural,5,Major Collector,2,County Highway Agency,4,County Road,CR-5290,,99998,Not Reported,36.72910556,36.72910556,-108.048825000,-108.048825000,0,No Special Jurisdiction,12,Motor Vehicle In-Transport,2,Front-to-Front,0,No,1,Non-Junction,1,Not an Intersection,0,None,,,1,On Roadway,1,Daylight,1,Clear,0,No Additional Atmospheric Conditions,1,Clear,0,No,0000000,Not Applicable,99,Unknown,99,Unknown,99,Unknown EMS Scene Arrival Hour,99,Unknown EMS Scene Arrival Minutes,99,Unknown,99,Unknown EMS Hospital Arrival Time,0,None,0,None,0,None,1,0
2019,35,350119,New Mexico,2,2,0,0,0,3,3,61,VALENCIA (61),100,BELEN,15,15,5,May,2019,4,Wednesday,14,2:00pm-2:59pm,52,52,0,This section IS NOT on the NHS,2,Urban,3,Principal Arterial - Other,1,State Highway Agency,7,Local Street - Frontage Road,I-25,EDMUNDO RD,99998,Not Reported,34.69806667,34.69806667,-106.776266700,-106.77626667,0,No Special Jurisdiction,12,Motor Vehicle In-Transport,6,Angle,0,No,2,Intersection,3,T-Intersection,0,None,,,1,On Roadway,1,Daylight,1,Clear,0,No Additional Atmospheric Conditions,1,Clear,0,No,0000000,Not Applicable,99,Unknown,99,Unknown,99,Unknown EMS Scene Arrival Hour,99,Unknown EMS Scene Arrival Minutes,88,Not Applicable (Not Transported),88,Not Applicable (Not Transported),0,None,0,None,0,None,1,1
2019,35,350120,New Mexico,2,2,0,0,0,4,4,6,CIBOLA (6),457,LAGUNA,16,16,4,April,2019,3,Tuesday,16,4:00pm-4:59pm,48,48,0,This section IS NOT on the NHS,1,Rural,5,Major Collector,1,State Highway Agency,3,State Highway,SR-124,RIO SAN JOSE,99998,Not Reported,35.03846111,35.03846111,-107.381872200,-107.38187222,3,Indian Reservation,12,Motor Vehicle In-Transport,6,Angle,0,No,2,Intersection,2,Four-Way Intersection,0,None,,,1,On Roadway,1,Daylight,1,Clear,0,No Additional Atmospheric Conditions,1,Clear,0,No,0000000,Not Applicable,99,Unknown,99,Unknown,99,Unknown EMS Scene Arrival Hour,99,Unknown EMS Scene Arrival Minutes,99,Unknown,99,Unknown EMS Hospital Arrival Time,0,None,0,None,0,None,1,1
2019,35,350121,New Mexico,1,1,0,0,0,2,2,57,TORRANCE (57),605,MORIARTY,24,24,5,May,2019,6,Friday,17,5:00pm-5:59pm,45,45,1,This section IS ON the NHS,1,Rural,1,Interstate,1,State Highway Agency,1,Interstate,I-40,,99998,Not Reported,35.00467222,35.00467222,-105.943350000,-105.943350000,0,No Special Jurisdiction,1,Rollover/Overturn,0,The First Harmful Event was Not a Collision with a Motor Vehicle in Transport,0,No,1,Non-Junction,1,Not an Intersection,0,None,,,3,On Median,1,Daylight,1,Clear,0,No Additional Atmospheric Conditions,1,Clear,0,No,0000000,Not Applicable,99,Unknown,99,Unknown,99,Unknown EMS Scene Arrival Hour,99,Unknown EMS Scene Arrival Minutes,99,Unknown,99,Unknown EMS Hospital Arrival Time,0,None,0,None,0,None,1,0
2019,35,350122,New Mexico,1,1,0,0,0,5,5,1,BERNALILLO (1),30,ALBUQUERQUE,2,2,3,March,2019,7,Saturday,15,3:00pm-3:59pm,50,50,1,This section IS ON the NHS,2,Urban,1,Interstate,1,State Highway Agency,1,Interstate,I-40,,99998,Not Reported,35.10653611,35.10653611,-106.648638900,-106.64863889,0,No Special Jurisdiction,1,Rollover/Overturn,0,The First Harmful Event was Not a Collision with a Motor Vehicle in Transport,0,No,1,Non-Junction,1,Not an Intersection,0,None,,,1,On Roadway,1,Daylight,1,Clear,0,No Additional Atmospheric Conditions,1,Clear,0,No,0000000,Not Applicable,15,3:00pm-3:59pm,54,54,16,4:00pm-4:59pm,0,0,16,4:00pm-4:59pm,10,10,19,Recent/Previous Crash scene Nearby,0,None,0,None,1,0