caseyear,state,st_case,statename,ve_total,ve_forms,pvh_invl,peds,pernotmvit,permvit,persons,county,countyname,city,cityname,day,dayname,month,monthname,year,day_week,day_weekname,hour,hourname,minute,minutename,nhs,nhsname,rur_urb,rur_urbname,func_sys,func_sysname,rd_owner,rd_ownername,route,routename,tway_id,tway_id2,milept,mileptname,latitude,latitudename,longitud,longitudname,sp_jur,sp_jurname,harm_ev,harm_evname,man_coll,man_collname,reljct1,reljct1name,reljct2,reljct2name,typ_int,typ_intname,wrk_zone,wrk_zonename,road_fnc,road_fncname,rel_road,rel_roadname,lgt_cond,lgt_condname,weather1,weather1name,weather2,weather2name,weather,weathername,sch_bus,sch_busname,rail,railname,not_hour,not_hourname,not_min,not_minname,arr_hour,arr_hourname,arr_min,arr_minname,hosp_hr,hosp_hrname,hosp_mn,hosp_mnname,cf1,cf1name,cf2,cf2name,cf3,cf3name,fatals,drunk_dr
2019,35,350222,New Mexico,1,1,0,1,1,1,1,31,MCKINLEY (31),804,THOREAU,11,11,7,July,2019,5,Thursday,0,0:00am-0:59am,8,8,0,This section IS NOT on the NHS,1,Rural,4,Minor Arterial,1,State Highway Agency,3,State Highway,SR-371,,99998,Not Reported,35.40573611,35.40573611,-108.215647200,-108.21564722,0,No Special Jurisdiction,8,Pedestrian,0,The First Harmful Event was Not a Collision with a Motor Vehicle in Transport,0,No,1,Non-Junction,1,Not an Intersection,0,None,,,1,On Roadway,2,Dark - Not Lighted,1,Clear,0,No Additional Atmospheric Conditions,1,Clear,0,No,0000000,Not Applicable,99,Unknown,99,Unknown,99,Unknown EMS Scene Arrival Hour,99,Unknown EMS Scene Arrival Minutes,88,Not Applicable (Not Transported),88,Not Applicable (Not Transported),0,None,0,None,0,None,1,0
2019,35,350223,New Mexico,1,1,0,1,1,2,2,1,BERNALILLO (1),30,ALBUQUERQUE,24,24,8,August,2019,7,Saturday,19,7:00pm-7:59pm,14,14,0,This section IS NOT on the NHS,2,Urban,3,Principal Arterial - Other,1,State Highway Agency,3,State Highway,SR-47,HAZELDINE AVE SE,99998,Not Reported,35.07697500,35.07697500,-106.645855600,-106.64585556,0,No Special Jurisdiction,8,Pedestrian,0,The First Harmful Event was Not a Collision with a Motor Vehicle in Transport,0,No,3,Intersection-Related,2,Four-Way Intersection,4,"Work Zone, Type Unknown",,,1,On Roadway,5,Dusk,1,Clear,0,No Additional Atmospheric Conditions,1,Clear,0,No,0000000,Not Applicable,18,6:00pm-6:59pm,59,59,19,7:00pm-7:59pm,2,2,19,7:00pm-7:59pm,12,12,0,None,0,None,0,None,1,0
2019,35,350224,New Mexico,1,1,0,2,2,3,3,1,BERNALILLO (1),30,ALBUQUERQUE,1,1,6,June,2019,7,Saturday,21,9:00pm-9:59pm,12,12,1,This section IS ON the NHS,2,Urban,3,Principal Arterial - Other,1,State Highway Agency,3,State Highway,SR-45,FORTUNA,99998,Not Reported,35.09443056,35.09443056,-106.709380600,-106.70938056,0,No Special Jurisdiction,8,Pedestrian,0,The First Harmful Event was Not a Collision with a Motor Vehicle in Transport,0,No,2,Intersection,2,Four-Way Intersection,0,None,,,1,On Roadway,3,Dark - Lighted,1,Clear,0,No Additional Atmospheric Conditions,1,Clear,0,No,0000000,Not Applicable,21,9:00pm-9:59pm,16,16,21,9:00pm-9:59pm,17,17,21,9:00pm-9:59pm,33,33,0,None,0,None,0,None,1,1
2019,35,350225,New Mexico,1,1,0,1,1,1,1,1,BERNALILLO (1),30,ALBUQUERQUE,14,14,7,July,2019,1,Sunday,21,9:00pm-9:59pm,23,23,0,This section IS NOT on the NHS,2,Urban,4,Minor Arterial,4,City or Municipal Highway Agency,6,Local Street - Municipality,SAN PEDRO,,99998,Not Reported,35.10146389,35.10146389,-106.577630600,-106.57763056,0,No Special Jurisdiction,8,Pedestrian,0,The First Harmful Event was Not a Collision with a Motor Vehicle in Transport,0,No,1,Non-Junction,1,Not an Intersection,0,None,,,1,On Roadway,3,Dark - Lighted,1,Clear,0,No Additional Atmospheric Conditions,1,Clear,0,No,0000000,Not Applicable,21,9:00pm-9:59pm,23,23,21,9:00pm-9:59pm,27,27,21,9:00pm-9:59pm,45,45,0,None,0,None,0,None,1,0
2019,35,350226,New Mexico,1,1,0,0,0,7,7,19,GUADALUPE (19),0,NOT APPLICABLE,3,3,8,August,2019,7,Saturday,12,12:00pm-12:59pm,30,30,1,This section IS ON the NHS,1,Rural,3,Principal Arterial - Other,1,State Highway Agency,2,U.S. Highway,US-54,,99998,Not Reported,34.67079722,34.67079722,-105.102361100,-105.10236111,0,No Special Jurisdiction,1,Rollover/Overturn,0,The First Harmful Event was Not a Collision with a Motor Vehicle in Transport,0,No,1,Non-Junction,1,Not an Intersection,0,None,,,1,On Roadway,1,Daylight,1,Clear,0,No Additional Atmospheric Conditions,1,Clear,0,No,0000000,Not Applicable,12,12:00pm-12:59pm,35,35,13,1:00pm-1:59pm,1,1,99,Unknown,99,Unknown EMS Hospital Arrival Time,0,None,0,None,0,None,4,0
2019,35,350227,New Mexico,2,2,0,0,0,4,4,15,EDDY (15),540,LOVING,17,17,8,August,2019,7,Saturday,21,9:00pm-9:59pm,12,12,0,This section IS NOT on the NHS,1,Rural,7,Local,2,County Highway Agency,9,Unknown,CR-728,,99998,Not Reported,32.29815000,32.29815000,-104.070111100,-104.07011111,0,No Special Jurisdiction,12,Motor Vehicle In-Transport,98,Not Reported,0,No,1,Non-Junction,1,Not an Intersection,0,None,,,4,On Roadside,2,Dark - Not Lighted,1,Clear,0,No Additional Atmospheric Conditions,1,Clear,0,No,0000000,Not Applicable,99,Unknown,99,Unknown,99,Unknown EMS Scene Arrival Hour,99,Unknown EMS Scene Arrival Minutes,99,Unknown,99,Unknown EMS Hospital Arrival Time,0,None,0,None,0,None,1,1
2019,35,350228,New Mexico,3,3,0,0,0,4,4,1,BERNALILLO (1),30,ALBUQUERQUE,27,27,8,August,2019,3,Tuesday,8,8:00am-8:59am,29,29,1,This section IS ON the NHS,2,Urban,3,Principal Arterial - Other,1,State Highway Agency,3,State Highway,SR-45,,99998,Not Reported,35.03458611,35.03458611,-106.712747200,-106.71274722,0,No Special Jurisdiction,12,Motor Vehicle In-Transport,2,Front-to-Front,0,No,1,Non-Junction,1,Not an Intersection,0,None,,,1,On Roadway,1,Daylight,1,Clear,0,No Additional Atmospheric Conditions,1,Clear,0,No,0000000,Not Applicable,8,8:00am-8:59am,32,32,8,8:00am-8:59am,39,39,9,9:00am-9:59am,8,8,0,None,0,None,0,None,1,0
2019,35,350229,New Mexico,1,1,0,0,0,1,1,29,LUNA (29),0,NOT APPLICABLE,20,20,9,September,2019,6,Friday,14,2:00pm-2:59pm,19,19,1,This section IS ON the NHS,1,Rural,1,Interstate,1,State Highway Agency,1,Interstate,I-10,,99998,Not Reported,32.24401389,32.24401389,-107.446538900,-107.44653889,0,No Special Jurisdiction,1,Rollover/Overturn,0,The First Harmful Event was Not a Collision with a Motor Vehicle in Transport,0,No,1,Non-Junction,1,Not an Intersection,0,None,,,4,On Roadside,1,Daylight,1,Clear,0,No Additional Atmospheric Conditions,1,Clear,0,No,0000000,Not Applicable,14,2:00pm-2:59pm,21,21,14,2:00pm-2:59pm,37,37,88,Not Applicable (Not Transported),88,Not Applicable (Not Transported),0,None,0,None,0,None,1,0
2019,35,350230,New Mexico,2,2,0,0,0,5,5,45,SAN JUAN (45),0,NOT APPLICABLE,14,14,9,September,2019,7,Saturday,14,2:00pm-2:59pm,48,48,1,This section IS ON the NHS,2,Urban,3,Principal Arterial - Other,1,State Highway Agency,3,State Highway,SR-516,,99998,Not Reported,36.80185278,36.80185278,-108.087088900,-108.08708889,0,No Special Jurisdiction,12,Motor Vehicle In-Transport,6,Angle,0,No,8,Driveway Access Related,1,Not an Intersection,0,None,,,1,On Roadway,1,Daylight,1,Clear,0,No Additional Atmospheric Conditions,1,Clear,0,No,0000000,Not Applicable,99,Unknown,99,Unknown,99,Unknown EMS Scene Arrival Hour,99,Unknown EMS Scene Arrival Minutes,99,Unknown,99,Unknown EMS Hospital Arrival Time,0,None,0,None,0,None,1,0
2019,35,350231,New Mexico,2,2,0,0,0,3,3,1,BERNALILLO (1),30,ALBUQUERQUE,12,12,9,September,2019,5,Thursday,7,7:00am-7:59am,48,48,0,This section IS NOT on the NHS,2,Urban,5,Major Collector,4,City or Municipal Highway Agency,6,Local Street - Municipality,PAJARITO,DOUGLAS,99998,Not Reported,34.99468889,34.99468889,-106.735711100,-106.73571111,0,No Special Jurisdiction,12,Motor Vehicle In-Transport,2,Front-to-Front,0,No,3,Intersection-Related,3,T-Intersection,0,None,,,1,On Roadway,1,Daylight,1,Clear,0,No Additional Atmospheric Conditions,1,Clear,0,No,0000000,Not Applicable,7,7:00am-7:59am,49,49,8,8:00am-8:59am,4,4,8,8:00am-8:59am,31,31,0,None,0,None,0,None,1,0
2019,35,350232,New Mexico,1,1,0,0,0,1,1,35,OTERO (35),408,HIGH ROLLS MT PARK,15,15,9,September,2019,1,Sunday,18,6:00pm-6:59pm,0,0,0,This section IS NOT on the NHS,1,Rural,4,Minor Arterial,1,State Highway Agency,2,U.S. Highway,US-82,,99998,Not Reported,32.94518611,32.94518611,-105.871311100,-105.87131111,0,No Special Jurisdiction,31,"Post, Pole or Other Supports",0,The First Harmful Event was Not a Collision with a Motor Vehicle in Transport,0,No,1,Non-Junction,1,Not an Intersection,0,None,,,4,On Roadside,1,Daylight,1,Clear,0,No Additional Atmospheric Conditions,1,Clear,0,No,0000000,Not Applicable,17,5:00pm-5:59pm,59,59,18,6:00pm-6:59pm,10,10,18,6:00pm-6:59pm,46,46,0,None,0,None,0,None,1,1
2019,35,350233,New Mexico,2,2,0,0,0,2,2,45,SAN JUAN (45),115,BLOOMFIELD,25,25,9,September,2019,4,Wednesday,9,9:00am-9:59am,4,4,1,This section IS ON the NHS,1,Rural,3,Principal Arterial - Other,1,State Highway Agency,2,U.S. Highway,US-550,3601 N 1ST ST,99998,Not Reported,36.76280000,36.76280000,-107.978747200,-107.97874722,0,No Special Jurisdiction,12,Motor Vehicle In-Transport,6,Angle,0,No,2,Intersection,3,T-Intersection,0,None,,,1,On Roadway,1,Daylight,1,Clear,0,No Additional Atmospheric Conditions,1,Clear,0,No,0000000,Not Applicable,99,Unknown,99,Unknown,99,Unknown EMS Scene Arrival Hour,99,Unknown EMS Scene Arrival Minutes,99,Unknown,99,Unknown EMS Hospital Arrival Time,0,None,0,None,0,None,1,0
2019,35,350234,New Mexico,1,1,0,1,1,1,1,17,GRANT (17),0,NOT APPLICABLE,21,21,9,September,2019,7,Saturday,10,10:00am-10:59am,18,18,0,This section IS NOT on the NHS,1,Rural,4,Minor Arterial,1,State Highway Agency,3,State Highway,SR-146,,99998,Not Reported,32.15406667,32.15406667,-108.312261100,-108.31226111,0,No Special Jurisdiction,9,Pedalcyclist,0,The First Harmful Event was Not a Collision with a Motor Vehicle in Transport,0,No,1,Non-Junction,1,Not an Intersection,0,None,,,1,On Roadway,1,Daylight,1,Clear,0,No Additional Atmospheric Conditions,1,Clear,0,No,0000000,Not Applicable,10,10:00am-10:59am,30,30,11,11:00am-11:59am,1,1,88,Not Applicable (Not Transported),88,Not Applicable (Not Transported),0,None,0,None,0,None,1,0
2019,35,350235,New Mexico,2,2,0,0,0,2,2,15,EDDY (15),0,NOT APPLICABLE,7,7,9,September,2019,7,Saturday,7,7:00am-7:59am,39,39,1,This section IS ON the NHS,1,Rural,3,Principal Arterial - Other,1,State Highway Agency,2,U.S. Highway,US-62,,99998,Not Reported,32.52756944,32.52756944,-103.845911100,-103.84591111,0,No Special Jurisdiction,12,Motor Vehicle In-Transport,1,Front-to-Rear,0,No,1,Non-Junction,1,Not an Intersection,0,None,,,1,On Roadway,1,Daylight,1,Clear,0,No Additional Atmospheric Conditions,1,Clear,0,No,0000000,Not Applicable,99,Unknown,99,Unknown,99,Unknown EMS Scene Arrival Hour,99,Unknown EMS Scene Arrival Minutes,99,Unknown,99,Unknown EMS Hospital Arrival Time,0,None,0,None,0,None,1,0
2019,35,350236,New Mexico,2,2,0,0,0,3,3,13,DONA ANA (13),0,NOT APPLICABLE,12,12,9,September,2019,5,Thursday,14,2:00pm-2:59pm,11,11,0,This section IS NOT on the NHS,1,Rural,4,Minor Arterial,1,State Highway Agency,3,State Highway,SR-26,,99998,Not Reported,32.64881667,32.64881667,-107.200030600,-107.20003056,0,No Special Jurisdiction,12,Motor Vehicle In-Transport,8,Sideswipe - Opposite Direction,0,No,1,Non-Junction,1,Not an Intersection,0,None,,,1,On Roadway,1,Daylight,1,Clear,0,No Additional Atmospheric Conditions,1,Clear,0,No,0000000,Not Applicable,14,2:00pm-2:59pm,6,6,14,2:00pm-2:59pm,12,12,88,Not Applicable (Not Transported),88,Not Applicable (Not Transported),0,None,0,None,0,None,2,0
2019,35,350237,New Mexico,1,1,0,0,0,1,1,49,SANTA FE (49),0,NOT APPLICABLE,25,25,9,September,2019,4,Wednesday,10,10:00am-10:59am,16,16,0,This section IS NOT on the NHS,1,Rural,5,Major Collector,1,State Highway Agency,3,State Highway,SR-16,,99998,Not Reported,35.52986667,35.52986667,-106.244036100,-106.24403611,3,Indian Reservation,11,Live Animal,0,The First Harmful Event was Not a Collision with a Motor Vehicle in Transport,0,No,1,Non-Junction,1,Not an Intersection,0,None,,,1,On Roadway,1,Daylight,1,Clear,0,No Additional Atmospheric Conditions,1,Clear,0,No,0000000,Not Applicable,10,10:00am-10:59am,20,20,10,10:00am-10:59am,35,35,88,Not Applicable (Not Transported),88,Not Applicable (Not Transported),0,None,0,None,0,None,1,1
2019,35,350238,New Mexico,1,1,0,0,0,1,1,1,BERNALILLO (1),30,ALBUQUERQUE,15,15,9,September,2019,1,Sunday,22,10:00pm-10:59pm,25,25,0,This section IS NOT on the NHS,2,Urban,3,Principal Arterial - Other,4,City or Municipal Highway Agency,6,Local Street - Municipality,BRIDGE BLVD SW,,99998,Not Reported,35.06626389,35.06626389,-106.675663900,-106.67566389,0,No Special Jurisdiction,33,Curb,0,The First Harmful Event was Not a Collision with a Motor Vehicle in Transport,0,No,1,Non-Junction,1,Not an Intersection,0,None,,,3,On Median,3,Dark - Lighted,1,Clear,0,No Additional Atmospheric Conditions,1,Clear,0,No,0000000,Not Applicable,22,10:00pm-10:59pm,25,25,22,10:00pm-10:59pm,30,30,88,Not Applicable (Not Transported),88,Not Applicable (Not Transported),0,None,0,None,0,None,1,1
2019,35,350239,New Mexico,2,2,0,0,0,4,4,43,SANDOVAL (43),452,JEMEZ PUEBLO,1,1,8,August,2019,5,Thursday,16,4:00pm-4:59pm,20,20,1,This section IS ON the NHS,1,Rural,3,Principal Arterial - Other,1,State Highway Agency,2,U.S. Highway,US-550,,99998,Not Reported,35.71634167,35.71634167,-106.939419400,-106.93941944,3,Indian Reservation,12,Motor Vehicle In-Transport,2,Front-to-Front,0,No,1,Non-Junction,1,Not an Intersection,0,None,,,1,On Roadway,1,Daylight,2,Rain,0,No Additional Atmospheric Conditions,2,Rain,0,No,0000000,Not Applicable,16,4:00pm-4:59pm,42,42,17,5:00pm-5:59pm,15,15,99,Unknown,99,Unknown EMS Hospital Arrival Time,0,None,0,None,0,None,1,0
2019,35,350240,New Mexico,2,2,0,0,0,3,3,45,SAN JUAN (45),335,FRUITLAND,14,14,9,September,2019,7,Saturday,1,1:00am-1:59am,48,48,0,This section IS NOT on the NHS,1,Rural,4,Minor Arterial,62,Bureau of Indian Affairs,9,Unknown,BIA 36,,99998,Not Reported,36.72126944,36.72126944,-108.288513900,-108.28851389,3,Indian Reservation,12,Motor Vehicle In-Transport,2,Front-to-Front,0,No,1,Non-Junction,1,Not an Intersection,0,None,,,1,On Roadway,2,Dark - Not Lighted,1,Clear,0,No Additional Atmospheric Conditions,1,Clear,0,No,0000000,Not Applicable,99,Unknown,99,Unknown,99,Unknown EMS Scene Arrival Hour,99,Unknown EMS Scene Arrival Minutes,88,Not Applicable (Not Transported),88,Not Applicable (Not Transported),0,None,0,None,0,None,1,2
2019,35,350241,New Mexico,1,1,0,0,0,1,1,49,SANTA FE (49),0,NOT APPLICABLE,8,8,9,September,2019,1,Sunday,17,5:00pm-5:59pm,42,42,0,This section IS NOT on the NHS,2,Urban,7,Local,1,State Highway Agency,9,Unknown,FRONTAGE ROAD 599,,99998,Not Reported,35.63898889,35.63898889,-106.069569400,-106.06956944,0,No Special Jurisdiction,1,Rollover/Overturn,0,The First Harmful Event was Not a Collision with a Motor Vehicle in Transport,0,No,1,Non-Junction,1,Not an Intersection,0,None,,,4,On Roadside,1,Daylight,1,Clear,0,No Additional Atmospheric Conditions,1,Clear,0,No,0000000,Not Applicable,17,5:00pm-5:59pm,45,45,18,6:00pm-6:59pm,7,7,18,6:00pm-6:59pm,39,39,0,None,0,None,0,None,1,1
2019,35,350242,New Mexico,1,1,0,0,0,5,5,45,SAN JUAN (45),0,NOT APPLICABLE,11,11,9,September,2019,4,Wednesday,12,12:00pm-12:59pm,21,21,0,This section IS NOT on the NHS,1,Rural,4,Minor Arterial,1,State Highway Agency,2,U.S. Highway,US-64,,99998,Not Reported,36.73041667,36.73041667,-107.653719400,-107.65371944,0,No Special Jurisdiction,1,Rollover/Overturn,0,The First Harmful Event was Not a Collision with a Motor Vehicle in Transport,0,No,1,Non-Junction,1,Not an Intersection,0,None,,,1,On Roadway,1,Daylight,1,Clear,0,No Additional Atmospheric Conditions,1,Clear,0,No,0000000,Not Applicable,99,Unknown,99,Unknown,99,Unknown EMS Scene Arrival Hour,99,Unknown EMS Scene Arrival Minutes,99,Unknown,99,Unknown EMS Hospital Arrival Time,0,None,0,None,0,None,1,0
2019,35,350243,New Mexico,2,2,0,0,0,3,3,39,RIO ARRIBA (39),0,NOT APPLICABLE,27,27,9,September,2019,6,Friday,17,5:00pm-5:59pm,36,36,1,This section IS ON the NHS,1,Rural,3,Principal Arterial - Other,1,State Highway Agency,2,U.S. Highway,US-285,,99998,Not Reported,36.71625000,36.71625000,-105.983438900,-105.98343889,0,No Special Jurisdiction,12,Motor Vehicle In-Transport,8,Sideswipe - Opposite Direction,0,No,1,Non-Junction,1,Not an Intersection,0,None,,,1,On Roadway,1,Daylight,1,Clear,0,No Additional Atmospheric Conditions,1,Clear,0,No,0000000,Not Applicable,99,Unknown,99,Unknown,99,Unknown EMS Scene Arrival Hour,99,Unknown EMS Scene Arrival Minutes,99,Unknown,99,Unknown EMS Hospital Arrival Time,0,None,0,None,0,None,1,0
2019,35,350244,New Mexico,2,2,0,0,0,2,2,61,VALENCIA (61),530,LOS LUNAS,6,6,9,September,2019,6,Friday,6,6:00am-6:59am,46,46,0,This section IS NOT on the NHS,2,Urban,7,Local,2,County Highway Agency,9,Unknown,HIGH MESA RD,TURNER RD,99998,Not Reported,34.80475556,34.80475556,-106.604691700,-106.60469167,0,No Special Jurisdiction,12,Motor Vehicle In-Transport,6,Angle,0,No,2,Intersection,2,Four-Way Intersection,0,None,,,1,On Roadway,4,Dawn,1,Clear,0,No Additional Atmospheric Conditions,1,Clear,0,No,0000000,Not Applicable,6,6:00am-6:59am,46,46,7,7:00am-7:59am,3,3,88,Not Applicable (Not Transported),88,Not Applicable (Not Transported),0,None,0,None,0,None,1,0
2019,35,350245,New Mexico,1,1,0,0,0,2,2,31,MCKINLEY (31),0,NOT APPLICABLE,15,15,9,September,2019,1,Sunday,15,3:00pm-3:59pm,37,37,1,This section IS ON the NHS,1,Rural,1,Interstate,1,State Highway Agency,1,Interstate,I-40,,99998,Not Reported,35.48761389,35.48761389,-108.468530600,-108.46853056,0,No Special Jurisdiction,1,Rollover/Overturn,0,The First Harmful Event was Not a Collision with a Motor Vehicle in Transport,0,No,1,Non-Junction,1,Not an Intersection,0,None,,,3,On Median,1,Daylight,2,Rain,0,No Additional Atmospheric Conditions,2,Rain,0,No,0000000,Not Applicable,99,Unknown,99,Unknown,99,Unknown EMS Scene Arrival Hour,99,Unknown EMS Scene Arrival Minutes,88,Not Applicable (Not Transported),88,Not Applicable (Not Transported),0,None,0,None,0,None,2,1
2019,35,350246,New Mexico,1,1,0,1,1,1,1,31,MCKINLEY (31),340,GALLUP,17,17,9,September,2019,3,Tuesday,20,8:00pm-8:59pm,48,48,1,This section IS ON the NHS,2,Urban,3,Principal Arterial - Other,1,State Highway Agency,3,State Highway,SR-609,,99998,Not Reported,35.53161111,35.53161111,-108.740958300,-108.74095833,0,No Special Jurisdiction,8,Pedestrian,0,The First Harmful Event was Not a Collision with a Motor Vehicle in Transport,0,No,1,Non-Junction,1,Not an Intersection,0,None,,,1,On Roadway,3,Dark - Lighted,1,Clear,0,No Additional Atmospheric Conditions,1,Clear,0,No,0000000,Not Applicable,99,Unknown,98,Unknown if Notified,99,Unknown EMS Scene Arrival Hour,98,Unknown if Arrived,88,Not Applicable (Not Transported),88,Not Applicable (Not Transported),0,None,0,None,0,None,1,0
2019,35,350247,New Mexico,1,1,0,1,1,1,1,6,CIBOLA (6),360,GRANTS,11,11,9,September,2019,4,Wednesday,22,10:00pm-10:59pm,7,7,0,This section IS NOT on the NHS,2,Urban,5,Major Collector,4,City or Municipal Highway Agency,6,Local Street - Municipality,HIGH STREET,,99998,Not Reported,35.15505000,35.15505000,-107.858966700,-107.85896667,0,No Special Jurisdiction,8,Pedestrian,0,The First Harmful Event was Not a Collision with a Motor Vehicle in Transport,0,No,1,Non-Junction,1,Not an Intersection,0,None,,,1,On Roadway,3,Dark - Lighted,98,Not Reported,0,No Additional Atmospheric Conditions,98,Not Reported,0,No,0000000,Not Applicable,23,11:00pm-11:59pm,3,3,23,11:00pm-11:59pm,7,7,23,11:00pm-11:59pm,29,29,0,None,0,None,0,None,1,0
2019,35,350248,New Mexico,3,3,0,0,0,3,3,55,TAOS (55),268,EL PRADO,4,4,9,September,2019,4,Wednesday,21,9:00pm-9:59pm,15,15,0,This section IS NOT on the NHS,2,Urban,4,Minor Arterial,1,State Highway Agency,3,State Highway,SR-522,,99998,Not Reported,36.46859444,36.46859444,-105.607925000,-105.607925000,0,No Special Jurisdiction,12,Motor Vehicle In-Transport,1,Front-to-Rear,0,No,1,Non-Junction,1,Not an Intersection,0,None,,,1,On Roadway,2,Dark - Not Lighted,1,Clear,0,No Additional Atmospheric Conditions,1,Clear,0,No,0000000,Not Applicable,21,9:00pm-9:59pm,16,16,21,9:00pm-9:59pm,23,23,88,Not Applicable (Not Transported),88,Not Applicable (Not Transported),0,None,0,None,0,None,2,1
2019,35,350249,New Mexico,1,1,0,0,0,1,1,43,SANDOVAL (43),9997,Other,4,4,9,September,2019,4,Wednesday,18,6:00pm-6:59pm,27,27,1,This section IS ON the NHS,1,Rural,1,Interstate,1,State Highway Agency,1,Interstate,I-25,,99998,Not Reported,35.46033889,35.46033889,-106.329080600,-106.32908056,0,No Special Jurisdiction,1,Rollover/Overturn,0,The First Harmful Event was Not a Collision with a Motor Vehicle in Transport,0,No,1,Non-Junction,1,Not an Intersection,0,None,,,4,On Roadside,2,Dark - Not Lighted,1,Clear,0,No Additional Atmospheric Conditions,1,Clear,0,No,0000000,Not Applicable,99,Unknown,99,Unknown,99,Unknown EMS Scene Arrival Hour,99,Unknown EMS Scene Arrival Minutes,99,Unknown,99,Unknown EMS Hospital Arrival Time,0,None,0,None,0,None,1,1
2019,35,350250,New Mexico,2,2,0,0,0,5,5,43,SANDOVAL (43),706,SANTA ANA PUEBLO,3,3,9,September,2019,3,Tuesday,8,8:00am-8:59am,17,17,1,This section IS ON the NHS,1,Rural,3,Principal Arterial - Other,1,State Highway Agency,2,U.S. Highway,US-550,,99998,Not Reported,35.40396667,35.40396667,-106.639338900,-106.63933889,3,Indian Reservation,12,Motor Vehicle In-Transport,6,Angle,0,No,1,Non-Junction,1,Not an Intersection,0,None,,,1,On Roadway,1,Daylight,1,Clear,0,No Additional Atmospheric Conditions,1,Clear,0,No,0000000,Not Applicable,8,8:00am-8:59am,31,31,8,8:00am-8:59am,44,44,9,9:00am-9:59am,29,29,0,None,0,None,0,None,1,0
2019,35,350251,New Mexico,1,1,0,0,0,2,2,6,CIBOLA (6),0,NOT APPLICABLE,28,28,8,August,2019,4,Wednesday,3,3:00am-3:59am,1,1,0,This section IS NOT on the NHS,1,Rural,5,Major Collector,1,State Highway Agency,3,State Highway,SR-122,,99998,Not Reported,35.27023333,35.27023333,-107.978161100,-107.97816111,0,No Special Jurisdiction,1,Rollover/Overturn,0,The First Harmful Event was Not a Collision with a Motor Vehicle in Transport,0,No,1,Non-Junction,1,Not an Intersection,0,None,,,4,On Roadside,2,Dark - Not Lighted,1,Clear,0,No Additional Atmospheric Conditions,1,Clear,0,No,0000000,Not Applicable,4,4:00am-4:59am,8,8,4,4:00am-4:59am,27,27,99,Unknown,99,Unknown EMS Hospital Arrival Time,0,None,0,None,0,None,1,1
2019,35,350252,New Mexico,2,2,0,0,0,3,3,7,COLFAX (7),0,NOT APPLICABLE,16,16,9,September,2019,2,Monday,15,3:00pm-3:59pm,57,57,1,This section IS ON the NHS,1,Rural,1,Interstate,1,State Highway Agency,1,Interstate,I-25 RAMP,,99998,Not Reported,36.24588333,36.24588333,-104.649225000,-104.649225000,0,No Special Jurisdiction,12,Motor Vehicle In-Transport,1,Front-to-Rear,1,Yes,5,Entrance/Exit Ramp Related,1,Not an Intersection,0,None,,,1,On Roadway,1,Daylight,1,Clear,0,No Additional Atmospheric Conditions,1,Clear,0,No,0000000,Not Applicable,99,Unknown,99,Unknown,99,Unknown EMS Scene Arrival Hour,99,Unknown EMS Scene Arrival Minutes,99,Unknown,99,Unknown EMS Hospital Arrival Time,0,None,0,None,0,None,1,0
2019,35,350253,New Mexico,1,1,0,0,0,1,1,39,RIO ARRIBA (39),0,NOT APPLICABLE,9,9,9,September,2019,2,Monday,19,7:00pm-7:59pm,31,31,0,This section IS NOT on the NHS,1,Rural,4,Minor Arterial,1,State Highway Agency,2,U.S. Highway,US-84,,99998,Not Reported,36.19060000,36.19060000,-106.228002800,-106.22800278,0,No Special Jurisdiction,35,Embankment,0,The First Harmful Event was Not a Collision with a Motor Vehicle in Transport,0,No,1,Non-Junction,1,Not an Intersection,0,None,,,4,On Roadside,2,Dark - Not Lighted,1,Clear,0,No Additional Atmospheric Conditions,1,Clear,0,No,0000000,Not Applicable,19,7:00pm-7:59pm,27,27,19,7:00pm-7:59pm,43,43,20,8:00pm-8:59pm,0,0,0,None,0,None,0,None,1,0
2019,35,350254,New Mexico,2,2,0,0,0,2,2,1,BERNALILLO (1),30,ALBUQUERQUE,20,20,9,September,2019,6,Friday,19,7:00pm-7:59pm,48,48,0,This section IS NOT on the NHS,2,Urban,3,Principal Arterial - Other,4,City or Municipal Highway Agency,3,State Highway,SR-45,,99998,Not Reported,35.08313889,35.08313889,-106.710666700,-106.71066667,0,No Special Jurisdiction,12,Motor Vehicle In-Transport,6,Angle,0,No,7,Crossover-Related,1,Not an Intersection,0,None,,,1,On Roadway,3,Dark - Lighted,1,Clear,0,No Additional Atmospheric Conditions,1,Clear,0,No,0000000,Not Applicable,99,Unknown,99,Unknown,99,Unknown EMS Scene Arrival Hour,99,Unknown EMS Scene Arrival Minutes,88,Not Applicable (Not Transported),88,Not Applicable (Not Transported),0,None,0,None,0,None,1,1