caseyear,state,st_case,statename,ve_total,ve_forms,pvh_invl,peds,pernotmvit,permvit,persons,county,countyname,city,cityname,day,dayname,month,monthname,year,day_week,day_weekname,hour,hourname,minute,minutename,nhs,nhsname,rur_urb,rur_urbname,func_sys,func_sysname,rd_owner,rd_ownername,route,routename,tway_id,tway_id2,milept,mileptname,latitude,latitudename,longitud,longitudname,sp_jur,sp_jurname,harm_ev,harm_evname,man_coll,man_collname,reljct1,reljct1name,reljct2,reljct2name,typ_int,typ_intname,wrk_zone,wrk_zonename,road_fnc,road_fncname,rel_road,rel_roadname,lgt_cond,lgt_condname,weather1,weather1name,weather2,weather2name,weather,weathername,sch_bus,sch_busname,rail,railname,not_hour,not_hourname,not_min,not_minname,arr_hour,arr_hourname,arr_min,arr_minname,hosp_hr,hosp_hrname,hosp_mn,hosp_mnname,cf1,cf1name,cf2,cf2name,cf3,cf3name,fatals,drunk_dr
2019,35,350255,New Mexico,2,2,0,0,0,2,2,43,SANDOVAL (43),677,RIO RANCHO,6,6,9,September,2019,6,Friday,23,11:00pm-11:59pm,28,28,0,This section IS NOT on the NHS,2,Urban,4,Minor Arterial,4,City or Municipal Highway Agency,6,Local Street - Municipality,SOUTHERN BLVD,LISBON,99998,Not Reported,35.24165833,35.24165833,-106.704147200,-106.70414722,0,No Special Jurisdiction,12,Motor Vehicle In-Transport,1,Front-to-Rear,0,No,3,Intersection-Related,3,T-Intersection,0,None,,,1,On Roadway,3,Dark - Lighted,1,Clear,0,No Additional Atmospheric Conditions,1,Clear,0,No,0000000,Not Applicable,23,11:00pm-11:59pm,28,28,23,11:00pm-11:59pm,33,33,23,11:00pm-11:59pm,57,57,0,None,0,None,0,None,1,1
2019,35,350256,New Mexico,1,1,0,0,0,1,1,39,RIO ARRIBA (39),707,SANTA CLARA PUEBLO,15,15,5,May,2019,4,Wednesday,22,10:00pm-10:59pm,23,23,0,This section IS NOT on the NHS,2,Urban,4,Minor Arterial,1,State Highway Agency,3,State Highway,SR-30,,99998,Not Reported,35.98514444,35.98514444,-106.080447200,-106.08044722,3,Indian Reservation,1,Rollover/Overturn,0,The First Harmful Event was Not a Collision with a Motor Vehicle in Transport,0,No,1,Non-Junction,1,Not an Intersection,0,None,,,1,On Roadway,2,Dark - Not Lighted,1,Clear,0,No Additional Atmospheric Conditions,1,Clear,0,No,0000000,Not Applicable,99,Unknown,99,Unknown,99,Unknown EMS Scene Arrival Hour,99,Unknown EMS Scene Arrival Minutes,99,Unknown,99,Unknown EMS Hospital Arrival Time,0,None,0,None,0,None,1,0
2019,35,350257,New Mexico,2,2,0,0,0,4,4,45,SAN JUAN (45),9997,Other,3,3,8,August,2019,7,Saturday,13,1:00pm-1:59pm,40,40,1,This section IS ON the NHS,1,Rural,3,Principal Arterial - Other,1,State Highway Agency,2,U.S. Highway,US-491,,99998,Not Reported,36.46621667,36.46621667,-108.724102800,-108.72410278,3,Indian Reservation,12,Motor Vehicle In-Transport,2,Front-to-Front,0,No,1,Non-Junction,1,Not an Intersection,0,None,,,1,On Roadway,1,Daylight,1,Clear,0,No Additional Atmospheric Conditions,1,Clear,0,No,0000000,Not Applicable,13,1:00pm-1:59pm,44,44,14,2:00pm-2:59pm,3,3,88,Not Applicable (Not Transported),88,Not Applicable (Not Transported),0,None,0,None,0,None,4,0
2019,35,350258,New Mexico,2,2,0,0,0,2,2,1,BERNALILLO (1),30,ALBUQUERQUE,14,14,8,August,2019,4,Wednesday,15,3:00pm-3:59pm,15,15,0,This section IS NOT on the NHS,2,Urban,5,Major Collector,4,City or Municipal Highway Agency,6,Local Street - Municipality,GRIEGOS RD,SAN ISIDRO ST,99998,Not Reported,35.13453889,35.13453889,-106.662744400,-106.66274444,0,No Special Jurisdiction,12,Motor Vehicle In-Transport,2,Front-to-Front,0,No,2,Intersection,3,T-Intersection,0,None,,,1,On Roadway,1,Daylight,1,Clear,0,No Additional Atmospheric Conditions,1,Clear,0,No,0000000,Not Applicable,14,2:00pm-2:59pm,40,40,14,2:00pm-2:59pm,44,44,99,Unknown,99,Unknown EMS Hospital Arrival Time,0,None,0,None,0,None,1,0
2019,35,350259,New Mexico,6,6,0,0,0,15,15,6,CIBOLA (6),457,LAGUNA,7,7,9,September,2019,7,Saturday,11,11:00am-11:59am,46,46,1,This section IS ON the NHS,1,Rural,1,Interstate,1,State Highway Agency,1,Interstate,I-40,,99998,Not Reported,35.00193611,35.00193611,-107.310105600,-107.31010556,3,Indian Reservation,12,Motor Vehicle In-Transport,1,Front-to-Rear,0,No,1,Non-Junction,1,Not an Intersection,1,Construction,,,1,On Roadway,1,Daylight,1,Clear,0,No Additional Atmospheric Conditions,1,Clear,0,No,0000000,Not Applicable,11,11:00am-11:59am,48,48,11,11:00am-11:59am,55,55,99,Unknown,99,Unknown EMS Hospital Arrival Time,3,Other Maintenance or Construction-Created Condition,0,None,0,None,4,0
2019,35,350260,New Mexico,1,1,0,1,1,1,1,1,BERNALILLO (1),30,ALBUQUERQUE,1,1,10,October,2019,3,Tuesday,20,8:00pm-8:59pm,14,14,0,This section IS NOT on the NHS,2,Urban,3,Principal Arterial - Other,4,City or Municipal Highway Agency,6,Local Street - Municipality,CENTRAL AVE,CHARLESTON,99998,Not Reported,35.07513611,35.07513611,-106.560925000,-106.560925000,0,No Special Jurisdiction,8,Pedestrian,0,The First Harmful Event was Not a Collision with a Motor Vehicle in Transport,0,No,3,Intersection-Related,2,Four-Way Intersection,0,None,,,1,On Roadway,3,Dark - Lighted,1,Clear,0,No Additional Atmospheric Conditions,1,Clear,0,No,0000000,Not Applicable,99,Unknown,99,Unknown,99,Unknown EMS Scene Arrival Hour,99,Unknown EMS Scene Arrival Minutes,88,Not Applicable (Not Transported),88,Not Applicable (Not Transported),0,None,0,None,0,None,1,0
2019,35,350261,New Mexico,2,2,0,0,0,2,2,61,VALENCIA (61),100,BELEN,3,3,10,October,2019,5,Thursday,15,3:00pm-3:59pm,24,24,0,This section IS NOT on the NHS,2,Urban,3,Principal Arterial - Other,1,State Highway Agency,8,Other,N MAIN,ROSEDALE,99998,Not Reported,34.67123611,34.67123611,-106.773850000,-106.773850000,0,No Special Jurisdiction,12,Motor Vehicle In-Transport,6,Angle,0,No,2,Intersection,3,T-Intersection,0,None,,,1,On Roadway,1,Daylight,1,Clear,0,No Additional Atmospheric Conditions,1,Clear,0,No,0000000,Not Applicable,99,Unknown,99,Unknown,99,Unknown EMS Scene Arrival Hour,99,Unknown EMS Scene Arrival Minutes,99,Unknown,99,Unknown EMS Hospital Arrival Time,0,None,0,None,0,None,1,0
2019,35,350262,New Mexico,1,1,0,1,1,1,1,1,BERNALILLO (1),30,ALBUQUERQUE,29,29,10,October,2019,3,Tuesday,0,0:00am-0:59am,39,39,0,This section IS NOT on the NHS,2,Urban,4,Minor Arterial,4,City or Municipal Highway Agency,6,Local Street - Municipality,MCMAHON BLVD,,99998,Not Reported,35.21346389,35.21346389,-106.717130600,-106.71713056,0,No Special Jurisdiction,8,Pedestrian,0,The First Harmful Event was Not a Collision with a Motor Vehicle in Transport,0,No,1,Non-Junction,1,Not an Intersection,0,None,,,4,On Roadside,2,Dark - Not Lighted,1,Clear,0,No Additional Atmospheric Conditions,1,Clear,0,No,0000000,Not Applicable,99,Unknown,99,Unknown,99,Unknown EMS Scene Arrival Hour,99,Unknown EMS Scene Arrival Minutes,99,Unknown,99,Unknown EMS Hospital Arrival Time,0,None,0,None,0,None,1,0
2019,35,350263,New Mexico,1,1,0,0,0,1,1,1,BERNALILLO (1),30,ALBUQUERQUE,13,13,10,October,2019,1,Sunday,0,0:00am-0:59am,59,59,0,This section IS NOT on the NHS,2,Urban,4,Minor Arterial,4,City or Municipal Highway Agency,6,Local Street - Municipality,EDITH BLVD,CANDELARIA RD,99998,Not Reported,35.11686944,35.11686944,-106.634475000,-106.634475000,0,No Special Jurisdiction,1,Rollover/Overturn,0,The First Harmful Event was Not a Collision with a Motor Vehicle in Transport,0,No,3,Intersection-Related,2,Four-Way Intersection,0,None,,,1,On Roadway,2,Dark - Not Lighted,1,Clear,0,No Additional Atmospheric Conditions,1,Clear,0,No,0000000,Not Applicable,99,Unknown,98,Unknown if Notified,99,Unknown EMS Scene Arrival Hour,98,Unknown if Arrived,88,Not Applicable (Not Transported),88,Not Applicable (Not Transported),0,None,0,None,0,None,1,1
2019,35,350264,New Mexico,2,2,0,0,0,2,2,5,CHAVES (5),0,NOT APPLICABLE,27,27,10,October,2019,1,Sunday,2,2:00am-2:59am,54,54,1,This section IS ON the NHS,1,Rural,3,Principal Arterial - Other,1,State Highway Agency,2,U.S. Highway,US-285,NM-2,99998,Not Reported,33.30298056,33.30298056,-104.466780600,-104.46678056,0,No Special Jurisdiction,12,Motor Vehicle In-Transport,6,Angle,0,No,2,Intersection,3,T-Intersection,0,None,,,1,On Roadway,3,Dark - Lighted,1,Clear,0,No Additional Atmospheric Conditions,1,Clear,0,No,0000000,Not Applicable,99,Unknown,99,Unknown,99,Unknown EMS Scene Arrival Hour,99,Unknown EMS Scene Arrival Minutes,99,Unknown,99,Unknown EMS Hospital Arrival Time,0,None,0,None,0,None,1,0
2019,35,350265,New Mexico,2,2,0,0,0,3,3,39,RIO ARRIBA (39),9997,Other,21,21,10,October,2019,2,Monday,13,1:00pm-1:59pm,59,59,1,This section IS ON the NHS,1,Rural,3,Principal Arterial - Other,1,State Highway Agency,2,U.S. Highway,US-285,,99998,Not Reported,36.21884444,36.21884444,-106.045594400,-106.04559444,0,No Special Jurisdiction,12,Motor Vehicle In-Transport,2,Front-to-Front,0,No,1,Non-Junction,1,Not an Intersection,0,None,,,1,On Roadway,1,Daylight,1,Clear,0,No Additional Atmospheric Conditions,1,Clear,0,No,0000000,Not Applicable,99,Unknown,99,Unknown,99,Unknown EMS Scene Arrival Hour,99,Unknown EMS Scene Arrival Minutes,99,Unknown,99,Unknown EMS Hospital Arrival Time,0,None,0,None,0,None,1,0
2019,35,350266,New Mexico,1,1,0,1,1,2,2,1,BERNALILLO (1),30,ALBUQUERQUE,18,18,10,October,2019,6,Friday,6,6:00am-6:59am,30,30,0,This section IS NOT on the NHS,2,Urban,5,Major Collector,1,State Highway Agency,9,Unknown,PAN AMERICAN FRONTAGE RD,,99998,Not Reported,35.13130000,35.13130000,-106.610994400,-106.61099444,0,No Special Jurisdiction,8,Pedestrian,0,The First Harmful Event was Not a Collision with a Motor Vehicle in Transport,0,No,5,Entrance/Exit Ramp Related,1,Not an Intersection,4,"Work Zone, Type Unknown",,,1,On Roadway,4,Dawn,1,Clear,0,No Additional Atmospheric Conditions,1,Clear,0,No,0000000,Not Applicable,99,Unknown,99,Unknown,99,Unknown EMS Scene Arrival Hour,99,Unknown EMS Scene Arrival Minutes,88,Not Applicable (Not Transported),88,Not Applicable (Not Transported),0,None,0,None,0,None,1,0
2019,35,350267,New Mexico,2,2,0,0,0,4,4,25,LEA (25),0,NOT APPLICABLE,14,14,10,October,2019,2,Monday,17,5:00pm-5:59pm,0,0,0,This section IS NOT on the NHS,1,Rural,7,Local,2,County Highway Agency,9,Unknown,TURNER RD,UNNAMED LEASE RD,99998,Not Reported,32.45495000,32.45495000,-103.176436100,-103.17643611,0,No Special Jurisdiction,12,Motor Vehicle In-Transport,6,Angle,0,No,2,Intersection,3,T-Intersection,0,None,,,1,On Roadway,1,Daylight,1,Clear,0,No Additional Atmospheric Conditions,1,Clear,0,No,0000000,Not Applicable,99,Unknown,99,Unknown,99,Unknown EMS Scene Arrival Hour,99,Unknown EMS Scene Arrival Minutes,99,Unknown,99,Unknown EMS Hospital Arrival Time,0,None,0,None,0,None,1,0
2019,35,350268,New Mexico,2,2,0,1,1,2,2,1,BERNALILLO (1),30,ALBUQUERQUE,2,2,10,October,2019,4,Wednesday,21,9:00pm-9:59pm,35,35,0,This section IS NOT on the NHS,2,Urban,3,Principal Arterial - Other,4,City or Municipal Highway Agency,6,Local Street - Municipality,CENTRAL AVE,GENERAL BRADLEY ST,99998,Not Reported,35.07380278,35.07380278,-106.548752800,-106.54875278,0,No Special Jurisdiction,8,Pedestrian,0,The First Harmful Event was Not a Collision with a Motor Vehicle in Transport,0,No,3,Intersection-Related,3,T-Intersection,0,None,,,1,On Roadway,3,Dark - Lighted,1,Clear,0,No Additional Atmospheric Conditions,1,Clear,0,No,0000000,Not Applicable,99,Unknown,99,Unknown,99,Unknown EMS Scene Arrival Hour,99,Unknown EMS Scene Arrival Minutes,88,Not Applicable (Not Transported),88,Not Applicable (Not Transported),0,None,0,None,0,None,1,0
2019,35,350269,New Mexico,2,2,0,0,0,2,2,29,LUNA (29),0,NOT APPLICABLE,30,30,10,October,2019,4,Wednesday,9,9:00am-9:59am,50,50,1,This section IS ON the NHS,1,Rural,1,Interstate,1,State Highway Agency,1,Interstate,I-10,,99998,Not Reported,32.23715556,32.23715556,-107.398963900,-107.39896389,0,No Special Jurisdiction,12,Motor Vehicle In-Transport,1,Front-to-Rear,0,No,1,Non-Junction,1,Not an Intersection,0,None,,,1,On Roadway,1,Daylight,1,Clear,0,No Additional Atmospheric Conditions,1,Clear,0,No,0000000,Not Applicable,99,Unknown,99,Unknown,99,Unknown EMS Scene Arrival Hour,99,Unknown EMS Scene Arrival Minutes,88,Not Applicable (Not Transported),88,Not Applicable (Not Transported),27,Backup Due to Prior Crash,19,Recent/Previous Crash scene Nearby,0,None,1,0
2019,35,350270,New Mexico,2,2,0,0,0,2,2,45,SAN JUAN (45),310,FARMINGTON,15,15,7,July,2019,2,Monday,7,7:00am-7:59am,56,56,1,This section IS ON the NHS,2,Urban,3,Principal Arterial - Other,1,State Highway Agency,3,State Highway,SR-516,BURNHAM RD,99998,Not Reported,36.73280833,36.73280833,-108.167350000,-108.167350000,0,No Special Jurisdiction,12,Motor Vehicle In-Transport,6,Angle,0,No,2,Intersection,3,T-Intersection,0,None,,,1,On Roadway,1,Daylight,1,Clear,0,No Additional Atmospheric Conditions,1,Clear,0,No,0000000,Not Applicable,99,Unknown,99,Unknown,99,Unknown EMS Scene Arrival Hour,99,Unknown EMS Scene Arrival Minutes,99,Unknown,99,Unknown EMS Hospital Arrival Time,0,None,0,None,0,None,1,0
2019,35,350271,New Mexico,4,4,0,1,1,6,6,1,BERNALILLO (1),30,ALBUQUERQUE,2,2,1,January,2019,4,Wednesday,1,1:00am-1:59am,4,4,1,This section IS ON the NHS,2,Urban,1,Interstate,1,State Highway Agency,1,Interstate,I-40,,99998,Not Reported,35.10692778,35.10692778,-106.652588900,-106.65258889,0,No Special Jurisdiction,12,Motor Vehicle In-Transport,98,Not Reported,0,No,1,Non-Junction,1,Not an Intersection,0,None,,,8,Gore,3,Dark - Lighted,4,Snow,0,No Additional Atmospheric Conditions,4,Snow,0,No,0000000,Not Applicable,1,1:00am-1:59am,9,9,1,1:00am-1:59am,16,16,88,Not Applicable (Not Transported),88,Not Applicable (Not Transported),19,Recent/Previous Crash scene Nearby,0,None,0,None,1,0
2019,35,350272,New Mexico,2,2,0,0,0,4,4,31,MCKINLEY (31),612,NAVAJO,30,30,8,August,2019,6,Friday,21,9:00pm-9:59pm,40,40,0,This section IS NOT on the NHS,1,Rural,7,Local,62,Bureau of Indian Affairs,9,Unknown,BIA 12,,99998,Not Reported,35.76730833,35.76730833,-109.035497200,-109.03549722,3,Indian Reservation,12,Motor Vehicle In-Transport,2,Front-to-Front,0,No,1,Non-Junction,1,Not an Intersection,0,None,,,1,On Roadway,2,Dark - Not Lighted,1,Clear,0,No Additional Atmospheric Conditions,1,Clear,0,No,0000000,Not Applicable,99,Unknown,99,Unknown,99,Unknown EMS Scene Arrival Hour,99,Unknown EMS Scene Arrival Minutes,99,Unknown,99,Unknown EMS Hospital Arrival Time,0,None,0,None,0,None,2,1
2019,35,350273,New Mexico,1,1,0,0,0,3,3,43,SANDOVAL (43),677,RIO RANCHO,15,15,8,August,2019,5,Thursday,1,1:00am-1:59am,52,52,0,This section IS NOT on the NHS,2,Urban,7,Local,4,City or Municipal Highway Agency,9,Unknown,ARIZONA ST,,99998,Not Reported,35.25605556,35.25605556,-106.722941700,-106.72294167,0,No Special Jurisdiction,1,Rollover/Overturn,0,The First Harmful Event was Not a Collision with a Motor Vehicle in Transport,0,No,1,Non-Junction,1,Not an Intersection,0,None,,,1,On Roadway,3,Dark - Lighted,1,Clear,0,No Additional Atmospheric Conditions,1,Clear,0,No,0000000,Not Applicable,1,1:00am-1:59am,53,53,2,2:00am-2:59am,6,6,99,Unknown,99,Unknown EMS Hospital Arrival Time,0,None,0,None,0,None,1,1
2019,35,350274,New Mexico,1,1,0,0,0,1,1,45,SAN JUAN (45),310,FARMINGTON,6,6,10,October,2019,1,Sunday,11,11:00am-11:59am,39,39,0,This section IS NOT on the NHS,2,Urban,4,Minor Arterial,4,City or Municipal Highway Agency,6,Local Street - Municipality,CR-3000,,99998,Not Reported,36.74768889,36.74768889,-108.142391700,-108.14239167,0,No Special Jurisdiction,24,Guardrail Face,0,The First Harmful Event was Not a Collision with a Motor Vehicle in Transport,0,No,1,Non-Junction,1,Not an Intersection,0,None,,,4,On Roadside,1,Daylight,1,Clear,0,No Additional Atmospheric Conditions,1,Clear,0,No,0000000,Not Applicable,99,Unknown,99,Unknown,99,Unknown EMS Scene Arrival Hour,99,Unknown EMS Scene Arrival Minutes,88,Not Applicable (Not Transported),88,Not Applicable (Not Transported),0,None,0,None,0,None,1,0
2019,35,350275,New Mexico,2,2,0,0,0,2,2,13,DONA ANA (13),0,NOT APPLICABLE,19,19,10,October,2019,7,Saturday,8,8:00am-8:59am,36,36,1,This section IS ON the NHS,2,Urban,3,Principal Arterial - Other,1,State Highway Agency,3,State Highway,SR-136,RUSSELL RD,99998,Not Reported,31.87691389,31.87691389,-106.658705600,-106.65870556,0,No Special Jurisdiction,12,Motor Vehicle In-Transport,6,Angle,0,No,2,Intersection,2,Four-Way Intersection,0,None,,,1,On Roadway,1,Daylight,1,Clear,0,No Additional Atmospheric Conditions,1,Clear,0,No,0000000,Not Applicable,99,Unknown,99,Unknown,99,Unknown EMS Scene Arrival Hour,99,Unknown EMS Scene Arrival Minutes,99,Unknown,99,Unknown EMS Hospital Arrival Time,0,None,0,None,0,None,1,0
2019,35,350276,New Mexico,2,2,0,0,0,2,2,9,CURRY (9),190,CLOVIS,19,19,10,October,2019,7,Saturday,13,1:00pm-1:59pm,40,40,0,This section IS NOT on the NHS,2,Urban,4,Minor Arterial,4,City or Municipal Highway Agency,6,Local Street - Municipality,LLANO ESTACADO BLVD,SHADY LN,99998,Not Reported,34.43381389,34.43381389,-103.195227800,-103.19522778,0,No Special Jurisdiction,12,Motor Vehicle In-Transport,6,Angle,0,No,2,Intersection,3,T-Intersection,0,None,,,1,On Roadway,1,Daylight,1,Clear,0,No Additional Atmospheric Conditions,1,Clear,0,No,0000000,Not Applicable,99,Unknown,99,Unknown,99,Unknown EMS Scene Arrival Hour,99,Unknown EMS Scene Arrival Minutes,99,Unknown,99,Unknown EMS Hospital Arrival Time,0,None,0,None,0,None,1,0
2019,35,350277,New Mexico,1,1,0,0,0,1,1,33,MORA (33),0,NOT APPLICABLE,29,29,10,October,2019,3,Tuesday,20,8:00pm-8:59pm,26,26,1,This section IS ON the NHS,1,Rural,1,Interstate,1,State Highway Agency,1,Interstate,I-25,,99998,Not Reported,35.87110000,35.87110000,-104.864600000,-104.864600000,0,No Special Jurisdiction,24,Guardrail Face,0,The First Harmful Event was Not a Collision with a Motor Vehicle in Transport,0,No,1,Non-Junction,1,Not an Intersection,0,None,,,4,On Roadside,2,Dark - Not Lighted,1,Clear,0,No Additional Atmospheric Conditions,1,Clear,0,No,0000000,Not Applicable,99,Unknown,99,Unknown,23,11:00pm-11:59pm,14,14,88,Not Applicable (Not Transported),88,Not Applicable (Not Transported),0,None,0,None,0,None,1,0
2019,35,350278,New Mexico,2,2,0,0,0,6,6,1,BERNALILLO (1),30,ALBUQUERQUE,2,2,10,October,2019,4,Wednesday,16,4:00pm-4:59pm,54,54,0,This section IS NOT on the NHS,2,Urban,3,Principal Arterial - Other,4,City or Municipal Highway Agency,6,Local Street - Municipality,3157 2ND ST SW,,99998,Not Reported,35.04265000,35.04265000,-106.655263900,-106.65526389,0,No Special Jurisdiction,12,Motor Vehicle In-Transport,2,Front-to-Front,0,No,1,Non-Junction,1,Not an Intersection,0,None,,,1,On Roadway,1,Daylight,1,Clear,0,No Additional Atmospheric Conditions,1,Clear,0,No,0000000,Not Applicable,99,Unknown,99,Unknown,99,Unknown EMS Scene Arrival Hour,99,Unknown EMS Scene Arrival Minutes,99,Unknown,99,Unknown EMS Hospital Arrival Time,0,None,0,None,0,None,2,2
2019,35,350279,New Mexico,1,1,0,0,0,2,2,45,SAN JUAN (45),0,NOT APPLICABLE,29,29,8,August,2019,5,Thursday,23,11:00pm-11:59pm,1,1,0,This section IS NOT on the NHS,1,Rural,7,Local,62,Bureau of Indian Affairs,9,Unknown,NAVAJO ROUTE 13,,99998,Not Reported,36.60063611,36.60063611,-109.004008300,-109.00400833,3,Indian Reservation,1,Rollover/Overturn,0,The First Harmful Event was Not a Collision with a Motor Vehicle in Transport,0,No,1,Non-Junction,1,Not an Intersection,0,None,,,4,On Roadside,2,Dark - Not Lighted,1,Clear,0,No Additional Atmospheric Conditions,1,Clear,0,No,0000000,Not Applicable,99,Unknown,99,Unknown,99,Unknown EMS Scene Arrival Hour,99,Unknown EMS Scene Arrival Minutes,99,Unknown,99,Unknown EMS Hospital Arrival Time,0,None,0,None,0,None,1,1
2019,35,350280,New Mexico,2,2,0,0,0,2,2,35,OTERO (35),0,NOT APPLICABLE,15,15,10,October,2019,3,Tuesday,21,9:00pm-9:59pm,0,0,0,This section IS NOT on the NHS,1,Rural,4,Minor Arterial,1,State Highway Agency,2,U.S. Highway,US-82,,99998,Not Reported,32.96048333,32.96048333,-105.748050000,-105.748050000,0,No Special Jurisdiction,12,Motor Vehicle In-Transport,2,Front-to-Front,0,No,1,Non-Junction,1,Not an Intersection,0,None,,,1,On Roadway,2,Dark - Not Lighted,1,Clear,0,No Additional Atmospheric Conditions,1,Clear,0,No,0000000,Not Applicable,99,Unknown,99,Unknown,99,Unknown EMS Scene Arrival Hour,99,Unknown EMS Scene Arrival Minutes,88,Not Applicable (Not Transported),88,Not Applicable (Not Transported),0,None,0,None,0,None,1,0
2019,35,350281,New Mexico,1,1,0,1,1,1,1,1,BERNALILLO (1),30,ALBUQUERQUE,7,7,10,October,2019,2,Monday,6,6:00am-6:59am,45,45,1,This section IS ON the NHS,2,Urban,1,Interstate,1,State Highway Agency,1,Interstate,I-40,,99998,Not Reported,35.10408056,35.10408056,-106.587902800,-106.58790278,0,No Special Jurisdiction,8,Pedestrian,0,The First Harmful Event was Not a Collision with a Motor Vehicle in Transport,0,No,1,Non-Junction,1,Not an Intersection,0,None,,,1,On Roadway,4,Dawn,1,Clear,0,No Additional Atmospheric Conditions,1,Clear,0,No,0000000,Not Applicable,99,Unknown,99,Unknown,99,Unknown EMS Scene Arrival Hour,99,Unknown EMS Scene Arrival Minutes,99,Unknown,99,Unknown EMS Hospital Arrival Time,0,None,0,None,0,None,1,0
2019,35,350282,New Mexico,2,2,0,0,0,3,3,1,BERNALILLO (1),30,ALBUQUERQUE,18,18,10,October,2019,6,Friday,19,7:00pm-7:59pm,30,30,0,This section IS NOT on the NHS,2,Urban,3,Principal Arterial - Other,4,City or Municipal Highway Agency,6,Local Street - Municipality,CENTRAL AVE,VOLCANO RD,99998,Not Reported,35.07608889,35.07608889,-106.727755600,-106.72775556,0,No Special Jurisdiction,12,Motor Vehicle In-Transport,6,Angle,0,No,2,Intersection,2,Four-Way Intersection,0,None,,,1,On Roadway,5,Dusk,1,Clear,0,No Additional Atmospheric Conditions,1,Clear,0,No,0000000,Not Applicable,99,Unknown,99,Unknown,99,Unknown EMS Scene Arrival Hour,99,Unknown EMS Scene Arrival Minutes,99,Unknown,99,Unknown EMS Hospital Arrival Time,0,None,0,None,0,None,1,2
2019,35,350283,New Mexico,2,2,0,0,0,2,2,6,CIBOLA (6),0,NOT APPLICABLE,21,21,10,October,2019,2,Monday,8,8:00am-8:59am,0,0,0,This section IS NOT on the NHS,1,Rural,5,Major Collector,1,State Highway Agency,3,State Highway,SR-53,,99998,Not Reported,35.06216389,35.06216389,-107.877172200,-107.87717222,0,No Special Jurisdiction,12,Motor Vehicle In-Transport,2,Front-to-Front,0,No,1,Non-Junction,1,Not an Intersection,0,None,,,1,On Roadway,1,Daylight,1,Clear,0,No Additional Atmospheric Conditions,1,Clear,0,No,0000000,Not Applicable,99,Unknown,99,Unknown,99,Unknown EMS Scene Arrival Hour,99,Unknown EMS Scene Arrival Minutes,99,Unknown,99,Unknown EMS Hospital Arrival Time,0,None,0,None,0,None,1,0
2019,35,350284,New Mexico,1,1,0,0,0,1,1,13,DONA ANA (13),470,LAS CRUCES,5,5,10,October,2019,7,Saturday,6,6:00am-6:59am,25,25,0,This section IS NOT on the NHS,1,Rural,7,Local,2,County Highway Agency,9,Unknown,DEL REY BLVD,,99998,Not Reported,32.42799722,32.42799722,-106.828044400,-106.82804444,0,No Special Jurisdiction,35,Embankment,0,The First Harmful Event was Not a Collision with a Motor Vehicle in Transport,0,No,1,Non-Junction,1,Not an Intersection,0,None,,,4,On Roadside,1,Daylight,1,Clear,0,No Additional Atmospheric Conditions,1,Clear,0,No,0000000,Not Applicable,99,Unknown,98,Unknown if Notified,99,Unknown EMS Scene Arrival Hour,98,Unknown if Arrived,88,Not Applicable (Not Transported),88,Not Applicable (Not Transported),0,None,0,None,0,None,1,1
2019,35,350285,New Mexico,1,1,0,0,0,2,2,25,LEA (25),0,NOT APPLICABLE,7,7,10,October,2019,2,Monday,19,7:00pm-7:59pm,27,27,0,This section IS NOT on the NHS,1,Rural,3,Principal Arterial - Other,1,State Highway Agency,3,State Highway,SR-132,,99998,Not Reported,32.96643056,32.96643056,-103.087588900,-103.08758889,0,No Special Jurisdiction,1,Rollover/Overturn,0,The First Harmful Event was Not a Collision with a Motor Vehicle in Transport,0,No,1,Non-Junction,1,Not an Intersection,0,None,,,4,On Roadside,2,Dark - Not Lighted,1,Clear,0,No Additional Atmospheric Conditions,1,Clear,0,No,0000000,Not Applicable,99,Unknown,99,Unknown,99,Unknown EMS Scene Arrival Hour,99,Unknown EMS Scene Arrival Minutes,99,Unknown,99,Unknown EMS Hospital Arrival Time,0,None,0,None,0,None,1,0
2019,35,350286,New Mexico,1,1,0,0,0,1,1,37,QUAY (37),0,NOT APPLICABLE,20,20,10,October,2019,1,Sunday,17,5:00pm-5:59pm,51,51,1,This section IS ON the NHS,1,Rural,1,Interstate,1,State Highway Agency,1,Interstate,I-40,,99998,Not Reported,35.09355556,35.09355556,-104.068411100,-104.06841111,0,No Special Jurisdiction,24,Guardrail Face,0,The First Harmful Event was Not a Collision with a Motor Vehicle in Transport,0,No,1,Non-Junction,1,Not an Intersection,0,None,,,3,On Median,5,Dusk,6,Severe Crosswinds,0,No Additional Atmospheric Conditions,6,Severe Crosswinds,0,No,0000000,Not Applicable,99,Unknown,99,Unknown,99,Unknown EMS Scene Arrival Hour,99,Unknown EMS Scene Arrival Minutes,88,Not Applicable (Not Transported),88,Not Applicable (Not Transported),0,None,0,None,0,None,1,0