caseyear,state,st_case,statename,ve_total,ve_forms,pvh_invl,peds,pernotmvit,permvit,persons,county,countyname,city,cityname,day,dayname,month,monthname,year,day_week,day_weekname,hour,hourname,minute,minutename,nhs,nhsname,rur_urb,rur_urbname,func_sys,func_sysname,rd_owner,rd_ownername,route,routename,tway_id,tway_id2,milept,mileptname,latitude,latitudename,longitud,longitudname,sp_jur,sp_jurname,harm_ev,harm_evname,man_coll,man_collname,reljct1,reljct1name,reljct2,reljct2name,typ_int,typ_intname,wrk_zone,wrk_zonename,road_fnc,road_fncname,rel_road,rel_roadname,lgt_cond,lgt_condname,weather1,weather1name,weather2,weather2name,weather,weathername,sch_bus,sch_busname,rail,railname,not_hour,not_hourname,not_min,not_minname,arr_hour,arr_hourname,arr_min,arr_minname,hosp_hr,hosp_hrname,hosp_mn,hosp_mnname,cf1,cf1name,cf2,cf2name,cf3,cf3name,fatals,drunk_dr
2019,35,350287,New Mexico,2,2,0,0,0,4,4,45,SAN JUAN (45),310,FARMINGTON,12,12,10,October,2019,7,Saturday,20,8:00pm-8:59pm,0,0,0,This section IS NOT on the NHS,1,Rural,3,Principal Arterial - Other,4,City or Municipal Highway Agency,6,Local Street - Municipality,PINON HILLS BLVD,,99998,Not Reported,36.76046944,36.76046944,-108.217927800,-108.21792778,0,No Special Jurisdiction,12,Motor Vehicle In-Transport,8,Sideswipe - Opposite Direction,0,No,1,Non-Junction,1,Not an Intersection,0,None,,,1,On Roadway,2,Dark - Not Lighted,1,Clear,0,No Additional Atmospheric Conditions,1,Clear,0,No,0000000,Not Applicable,99,Unknown,99,Unknown,99,Unknown EMS Scene Arrival Hour,99,Unknown EMS Scene Arrival Minutes,99,Unknown,99,Unknown EMS Hospital Arrival Time,0,None,0,None,0,None,2,1
2019,35,350288,New Mexico,1,1,0,0,0,3,3,45,SAN JUAN (45),745,SHIPROCK,1,1,9,September,2019,1,Sunday,16,4:00pm-4:59pm,30,30,0,This section IS NOT on the NHS,1,Rural,4,Minor Arterial,1,State Highway Agency,2,U.S. Highway,US-64,,99998,Not Reported,36.81551667,36.81551667,-108.901088900,-108.90108889,3,Indian Reservation,35,Embankment,0,The First Harmful Event was Not a Collision with a Motor Vehicle in Transport,0,No,1,Non-Junction,1,Not an Intersection,0,None,,,4,On Roadside,1,Daylight,98,Not Reported,0,No Additional Atmospheric Conditions,98,Not Reported,0,No,0000000,Not Applicable,99,Unknown,99,Unknown,99,Unknown EMS Scene Arrival Hour,99,Unknown EMS Scene Arrival Minutes,99,Unknown,99,Unknown EMS Hospital Arrival Time,0,None,0,None,0,None,1,1
2019,35,350289,New Mexico,1,1,0,0,0,2,2,47,SAN MIGUEL (47),0,NOT APPLICABLE,19,19,10,October,2019,7,Saturday,9,9:00am-9:59am,8,8,0,This section IS NOT on the NHS,1,Rural,5,Major Collector,1,State Highway Agency,3,State Highway,SR-63,,99998,Not Reported,35.52435278,35.52435278,-105.681750000,-105.681750000,0,No Special Jurisdiction,1,Rollover/Overturn,0,The First Harmful Event was Not a Collision with a Motor Vehicle in Transport,0,No,1,Non-Junction,1,Not an Intersection,0,None,,,4,On Roadside,1,Daylight,1,Clear,0,No Additional Atmospheric Conditions,1,Clear,0,No,0000000,Not Applicable,99,Unknown,99,Unknown,99,Unknown EMS Scene Arrival Hour,99,Unknown EMS Scene Arrival Minutes,88,Not Applicable (Not Transported),88,Not Applicable (Not Transported),0,None,0,None,0,None,1,1
2019,35,350290,New Mexico,2,2,0,0,0,2,2,1,BERNALILLO (1),30,ALBUQUERQUE,11,11,10,October,2019,6,Friday,19,7:00pm-7:59pm,30,30,0,This section IS NOT on the NHS,2,Urban,5,Major Collector,4,City or Municipal Highway Agency,6,Local Street - Municipality,CHELWOOD PARK BLVD NE,PHOENIX AVE NE,99998,Not Reported,35.11074444,35.11074444,-106.506483300,-106.50648333,0,No Special Jurisdiction,12,Motor Vehicle In-Transport,6,Angle,0,No,2,Intersection,3,T-Intersection,0,None,,,1,On Roadway,3,Dark - Lighted,1,Clear,0,No Additional Atmospheric Conditions,1,Clear,0,No,0000000,Not Applicable,99,Unknown,99,Unknown,99,Unknown EMS Scene Arrival Hour,99,Unknown EMS Scene Arrival Minutes,99,Unknown,99,Unknown EMS Hospital Arrival Time,0,None,0,None,0,None,1,0
2019,35,350291,New Mexico,2,2,0,1,1,2,2,13,DONA ANA (13),470,LAS CRUCES,25,25,10,October,2019,6,Friday,18,6:00pm-6:59pm,58,58,0,This section IS NOT on the NHS,2,Urban,4,Minor Arterial,4,City or Municipal Highway Agency,6,Local Street - Municipality,SOLANO DR,CACTUS ST,99998,Not Reported,32.32274444,32.32274444,-106.773980600,-106.77398056,0,No Special Jurisdiction,8,Pedestrian,0,The First Harmful Event was Not a Collision with a Motor Vehicle in Transport,0,No,2,Intersection,3,T-Intersection,0,None,,,1,On Roadway,3,Dark - Lighted,1,Clear,0,No Additional Atmospheric Conditions,1,Clear,0,No,0000000,Not Applicable,99,Unknown,99,Unknown,99,Unknown EMS Scene Arrival Hour,99,Unknown EMS Scene Arrival Minutes,99,Unknown,99,Unknown EMS Hospital Arrival Time,0,None,0,None,0,None,1,0
2019,35,350292,New Mexico,1,1,0,1,1,5,5,1,BERNALILLO (1),30,ALBUQUERQUE,8,8,6,June,2019,7,Saturday,15,3:00pm-3:59pm,7,7,0,This section IS NOT on the NHS,2,Urban,3,Principal Arterial - Other,4,City or Municipal Highway Agency,6,Local Street - Municipality,98TH STREET,VOLCANO RD,99998,Not Reported,35.07651389,35.07651389,-106.743380600,-106.74338056,0,No Special Jurisdiction,8,Pedestrian,0,The First Harmful Event was Not a Collision with a Motor Vehicle in Transport,0,No,3,Intersection-Related,3,T-Intersection,0,None,,,4,On Roadside,1,Daylight,1,Clear,0,No Additional Atmospheric Conditions,1,Clear,0,No,0000000,Not Applicable,99,Unknown,99,Unknown,99,Unknown EMS Scene Arrival Hour,99,Unknown EMS Scene Arrival Minutes,99,Unknown,99,Unknown EMS Hospital Arrival Time,0,None,0,None,0,None,1,0
2019,35,350293,New Mexico,2,2,0,0,0,3,3,43,SANDOVAL (43),677,RIO RANCHO,22,22,10,October,2019,3,Tuesday,16,4:00pm-4:59pm,20,20,0,This section IS NOT on the NHS,2,Urban,3,Principal Arterial - Other,4,City or Municipal Highway Agency,6,Local Street - Municipality,UNSER BLVD,,99998,Not Reported,35.36154167,35.36154167,-106.664530600,-106.66453056,0,No Special Jurisdiction,12,Motor Vehicle In-Transport,2,Front-to-Front,0,No,1,Non-Junction,1,Not an Intersection,0,None,,,1,On Roadway,1,Daylight,1,Clear,0,No Additional Atmospheric Conditions,1,Clear,0,No,0000000,Not Applicable,99,Unknown,99,Unknown,99,Unknown EMS Scene Arrival Hour,99,Unknown EMS Scene Arrival Minutes,99,Unknown,99,Unknown EMS Hospital Arrival Time,0,None,0,None,0,None,1,0
2019,35,350294,New Mexico,3,3,0,0,0,6,6,6,CIBOLA (6),0,NOT APPLICABLE,10,10,10,October,2019,5,Thursday,1,1:00am-1:59am,30,30,1,This section IS ON the NHS,1,Rural,1,Interstate,1,State Highway Agency,1,Interstate,I-40,,99998,Not Reported,35.06615833,35.06615833,-107.686530600,-107.68653056,3,Indian Reservation,1,Rollover/Overturn,0,The First Harmful Event was Not a Collision with a Motor Vehicle in Transport,0,No,1,Non-Junction,1,Not an Intersection,0,None,,,1,On Roadway,2,Dark - Not Lighted,1,Clear,0,No Additional Atmospheric Conditions,1,Clear,0,No,0000000,Not Applicable,99,Unknown,99,Unknown,99,Unknown EMS Scene Arrival Hour,99,Unknown EMS Scene Arrival Minutes,99,Unknown,99,Unknown EMS Hospital Arrival Time,14,"Motor Vehicle struck by falling cargo,or something that came loose from or something that was set in motion by a vehicle",0,None,0,None,1,0
2019,35,350295,New Mexico,2,2,0,0,0,2,2,1,BERNALILLO (1),30,ALBUQUERQUE,20,20,10,October,2019,1,Sunday,13,1:00pm-1:59pm,52,52,1,This section IS ON the NHS,2,Urban,1,Interstate,1,State Highway Agency,1,Interstate,I-40,,99998,Not Reported,35.10748611,35.10748611,-106.619072200,-106.61907222,0,No Special Jurisdiction,12,Motor Vehicle In-Transport,1,Front-to-Rear,0,No,1,Non-Junction,1,Not an Intersection,0,None,,,1,On Roadway,1,Daylight,1,Clear,0,No Additional Atmospheric Conditions,1,Clear,0,No,0000000,Not Applicable,99,Unknown,99,Unknown,99,Unknown EMS Scene Arrival Hour,99,Unknown EMS Scene Arrival Minutes,99,Unknown,99,Unknown EMS Hospital Arrival Time,0,None,0,None,0,None,1,0
2019,35,350296,New Mexico,1,1,0,0,0,1,1,45,SAN JUAN (45),626,NEWCOMB,9,9,10,October,2019,4,Wednesday,20,8:00pm-8:59pm,54,54,1,This section IS ON the NHS,1,Rural,3,Principal Arterial - Other,1,State Highway Agency,2,U.S. Highway,US-491,,99998,Not Reported,36.28637500,36.28637500,-108.705394400,-108.70539444,3,Indian Reservation,24,Guardrail Face,0,The First Harmful Event was Not a Collision with a Motor Vehicle in Transport,0,No,1,Non-Junction,1,Not an Intersection,0,None,,,3,On Median,2,Dark - Not Lighted,1,Clear,0,No Additional Atmospheric Conditions,1,Clear,0,No,0000000,Not Applicable,99,Unknown,99,Unknown,99,Unknown EMS Scene Arrival Hour,99,Unknown EMS Scene Arrival Minutes,99,Unknown,99,Unknown EMS Hospital Arrival Time,0,None,0,None,0,None,1,1
2019,35,350297,New Mexico,1,1,0,0,0,3,3,19,GUADALUPE (19),0,NOT APPLICABLE,30,30,10,October,2019,4,Wednesday,10,10:00am-10:59am,0,0,1,This section IS ON the NHS,1,Rural,3,Principal Arterial - Other,1,State Highway Agency,2,U.S. Highway,US-54,,99998,Not Reported,34.82300833,34.82300833,-104.845144400,-104.84514444,0,No Special Jurisdiction,1,Rollover/Overturn,0,The First Harmful Event was Not a Collision with a Motor Vehicle in Transport,0,No,1,Non-Junction,1,Not an Intersection,0,None,,,4,On Roadside,1,Daylight,4,Snow,0,No Additional Atmospheric Conditions,4,Snow,0,No,0000000,Not Applicable,99,Unknown,99,Unknown,99,Unknown EMS Scene Arrival Hour,99,Unknown EMS Scene Arrival Minutes,88,Not Applicable (Not Transported),88,Not Applicable (Not Transported),0,None,0,None,0,None,1,0
2019,35,350298,New Mexico,1,1,0,0,0,1,1,1,BERNALILLO (1),30,ALBUQUERQUE,3,3,11,November,2019,1,Sunday,23,11:00pm-11:59pm,20,20,1,This section IS ON the NHS,2,Urban,3,Principal Arterial - Other,4,City or Municipal Highway Agency,6,Local Street - Municipality,ALAMEDA BLVD NE,HORIZON BLVD NE,99998,Not Reported,35.18453333,35.18453333,-106.601038900,-106.60103889,0,No Special Jurisdiction,33,Curb,0,The First Harmful Event was Not a Collision with a Motor Vehicle in Transport,0,No,3,Intersection-Related,3,T-Intersection,0,None,,,3,On Median,2,Dark - Not Lighted,1,Clear,0,No Additional Atmospheric Conditions,1,Clear,0,No,0000000,Not Applicable,99,Unknown,99,Unknown,99,Unknown EMS Scene Arrival Hour,99,Unknown EMS Scene Arrival Minutes,88,Not Applicable (Not Transported),88,Not Applicable (Not Transported),0,None,0,None,0,None,1,1
2019,35,350299,New Mexico,2,2,0,0,0,3,3,49,SANTA FE (49),710,SANTA FE,3,3,11,November,2019,1,Sunday,21,9:00pm-9:59pm,51,51,0,This section IS NOT on the NHS,2,Urban,4,Minor Arterial,4,City or Municipal Highway Agency,6,Local Street - Municipality,WEST ALAMEDA,MESA VERDE,99998,Not Reported,35.68528333,35.68528333,-105.966630600,-105.96663056,0,No Special Jurisdiction,12,Motor Vehicle In-Transport,2,Front-to-Front,0,No,2,Intersection,3,T-Intersection,0,None,,,1,On Roadway,3,Dark - Lighted,1,Clear,0,No Additional Atmospheric Conditions,1,Clear,0,No,0000000,Not Applicable,21,9:00pm-9:59pm,54,54,22,10:00pm-10:59pm,1,1,22,10:00pm-10:59pm,25,25,0,None,0,None,0,None,1,1
2019,35,350300,New Mexico,2,2,0,0,0,2,2,11,DE BACA (11),0,NOT APPLICABLE,7,7,11,November,2019,5,Thursday,3,3:00am-3:59am,45,45,1,This section IS ON the NHS,1,Rural,3,Principal Arterial - Other,1,State Highway Agency,2,U.S. Highway,US-60,,99998,Not Reported,34.44724722,34.44724722,-104.147994400,-104.14799444,0,No Special Jurisdiction,12,Motor Vehicle In-Transport,2,Front-to-Front,0,No,1,Non-Junction,1,Not an Intersection,0,None,,,1,On Roadway,2,Dark - Not Lighted,1,Clear,0,No Additional Atmospheric Conditions,1,Clear,0,No,0000000,Not Applicable,3,3:00am-3:59am,50,50,4,4:00am-4:59am,8,8,88,Not Applicable (Not Transported),88,Not Applicable (Not Transported),0,None,0,None,0,None,1,0
2019,35,350301,New Mexico,1,1,0,1,1,2,2,1,BERNALILLO (1),30,ALBUQUERQUE,4,4,11,November,2019,2,Monday,17,5:00pm-5:59pm,39,39,1,This section IS ON the NHS,2,Urban,3,Principal Arterial - Other,1,State Highway Agency,3,State Highway,SR-45,,99998,Not Reported,35.11924722,35.11924722,-106.701730600,-106.70173056,0,No Special Jurisdiction,8,Pedestrian,0,The First Harmful Event was Not a Collision with a Motor Vehicle in Transport,0,No,1,Non-Junction,1,Not an Intersection,0,None,,,1,On Roadway,5,Dusk,1,Clear,0,No Additional Atmospheric Conditions,1,Clear,0,No,0000000,Not Applicable,17,5:00pm-5:59pm,44,44,17,5:00pm-5:59pm,47,47,18,6:00pm-6:59pm,2,2,0,None,0,None,0,None,1,0
2019,35,350302,New Mexico,2,2,0,0,0,2,2,1,BERNALILLO (1),30,ALBUQUERQUE,18,18,11,November,2019,2,Monday,19,7:00pm-7:59pm,2,2,1,This section IS ON the NHS,2,Urban,3,Principal Arterial - Other,4,City or Municipal Highway Agency,6,Local Street - Municipality,BROADWAY BLVD NE,LEAD AVE,99998,Not Reported,35.08070278,35.08070278,-106.645294400,-106.64529444,0,No Special Jurisdiction,12,Motor Vehicle In-Transport,6,Angle,0,No,2,Intersection,2,Four-Way Intersection,0,None,,,1,On Roadway,3,Dark - Lighted,1,Clear,0,No Additional Atmospheric Conditions,1,Clear,0,No,0000000,Not Applicable,19,7:00pm-7:59pm,5,5,19,7:00pm-7:59pm,8,8,88,Not Applicable (Not Transported),88,Not Applicable (Not Transported),0,None,0,None,0,None,1,0
2019,35,350303,New Mexico,2,2,0,0,0,4,4,19,GUADALUPE (19),0,NOT APPLICABLE,12,12,11,November,2019,3,Tuesday,7,7:00am-7:59am,40,40,1,This section IS ON the NHS,1,Rural,1,Interstate,1,State Highway Agency,1,Interstate,I-40,,99998,Not Reported,35.06972778,35.06972778,-104.227361100,-104.22736111,0,No Special Jurisdiction,12,Motor Vehicle In-Transport,1,Front-to-Rear,0,No,1,Non-Junction,1,Not an Intersection,0,None,,,1,On Roadway,1,Daylight,1,Clear,0,No Additional Atmospheric Conditions,1,Clear,0,No,0000000,Not Applicable,7,7:00am-7:59am,55,55,8,8:00am-8:59am,48,48,9,9:00am-9:59am,29,29,0,None,0,None,0,None,1,0
2019,35,350304,New Mexico,1,1,0,0,0,1,1,1,BERNALILLO (1),30,ALBUQUERQUE,1,1,11,November,2019,6,Friday,18,6:00pm-6:59pm,46,46,0,This section IS NOT on the NHS,2,Urban,3,Principal Arterial - Other,1,State Highway Agency,3,State Highway,SR-345,I-40,99998,Not Reported,35.09171667,35.09171667,-106.730041700,-106.73004167,0,No Special Jurisdiction,33,Curb,0,The First Harmful Event was Not a Collision with a Motor Vehicle in Transport,0,No,3,Intersection-Related,3,T-Intersection,0,None,,,12,Pedestrian Refuge Island or Traffic Island,3,Dark - Lighted,1,Clear,0,No Additional Atmospheric Conditions,1,Clear,0,No,0000000,Not Applicable,18,6:00pm-6:59pm,1,1,18,6:00pm-6:59pm,8,8,88,Not Applicable (Not Transported),88,Not Applicable (Not Transported),0,None,0,None,0,None,1,1
2019,35,350305,New Mexico,1,1,0,1,1,1,1,45,SAN JUAN (45),626,NEWCOMB,19,19,11,November,2019,3,Tuesday,18,6:00pm-6:59pm,46,46,0,This section IS NOT on the NHS,1,Rural,7,Local,62,Bureau of Indian Affairs,9,Unknown,NAVAJO ROUTE 19,,99998,Not Reported,36.32940278,36.32940278,-108.718036100,-108.71803611,3,Indian Reservation,8,Pedestrian,0,The First Harmful Event was Not a Collision with a Motor Vehicle in Transport,0,No,1,Non-Junction,1,Not an Intersection,0,None,,,1,On Roadway,2,Dark - Not Lighted,1,Clear,0,No Additional Atmospheric Conditions,1,Clear,0,No,0000000,Not Applicable,99,Unknown,99,Unknown,19,7:00pm-7:59pm,13,13,99,Unknown,99,Unknown EMS Hospital Arrival Time,0,None,0,None,0,None,1,0
2019,35,350306,New Mexico,2,2,0,0,0,2,2,6,CIBOLA (6),0,NOT APPLICABLE,20,20,11,November,2019,4,Wednesday,10,10:00am-10:59am,17,17,1,This section IS ON the NHS,1,Rural,1,Interstate,1,State Highway Agency,1,Interstate,I-40,,99998,Not Reported,35.25575556,35.25575556,-107.969930600,-107.96993056,0,No Special Jurisdiction,12,Motor Vehicle In-Transport,98,Not Reported,0,No,1,Non-Junction,1,Not an Intersection,0,None,,,1,On Roadway,1,Daylight,10,Cloudy,0,No Additional Atmospheric Conditions,10,Cloudy,0,No,0000000,Not Applicable,11,11:00am-11:59am,17,17,11,11:00am-11:59am,38,38,12,12:00pm-12:59pm,5,5,0,None,0,None,0,None,1,0
2019,35,350307,New Mexico,1,1,0,1,1,1,1,61,VALENCIA (61),530,LOS LUNAS,30,30,11,November,2019,7,Saturday,5,5:00am-5:59am,24,24,0,This section IS NOT on the NHS,2,Urban,3,Principal Arterial - Other,1,State Highway Agency,3,State Highway,SR-314,,99998,Not Reported,34.75497500,34.75497500,-106.747302800,-106.74730278,0,No Special Jurisdiction,8,Pedestrian,0,The First Harmful Event was Not a Collision with a Motor Vehicle in Transport,0,No,1,Non-Junction,1,Not an Intersection,0,None,,,1,On Roadway,2,Dark - Not Lighted,1,Clear,0,No Additional Atmospheric Conditions,1,Clear,0,No,0000000,Not Applicable,5,5:00am-5:59am,29,29,5,5:00am-5:59am,39,39,88,Not Applicable (Not Transported),88,Not Applicable (Not Transported),0,None,0,None,0,None,1,0
2019,35,350308,New Mexico,1,1,0,1,1,1,1,1,BERNALILLO (1),30,ALBUQUERQUE,25,25,11,November,2019,2,Monday,18,6:00pm-6:59pm,35,35,0,This section IS NOT on the NHS,2,Urban,3,Principal Arterial - Other,4,City or Municipal Highway Agency,6,Local Street - Municipality,MENAUL BLVD NE,RICHMOND DR,99998,Not Reported,35.10926111,35.10926111,-106.610811100,-106.61081111,0,No Special Jurisdiction,8,Pedestrian,0,The First Harmful Event was Not a Collision with a Motor Vehicle in Transport,0,No,3,Intersection-Related,3,T-Intersection,0,None,,,1,On Roadway,3,Dark - Lighted,1,Clear,0,No Additional Atmospheric Conditions,1,Clear,0,No,0000000,Not Applicable,18,6:00pm-6:59pm,35,35,18,6:00pm-6:59pm,38,38,18,6:00pm-6:59pm,46,46,0,None,0,None,0,None,1,0
2019,35,350309,New Mexico,2,2,0,0,0,6,6,49,SANTA FE (49),261,EDGEWOOD,10,10,11,November,2019,1,Sunday,3,3:00am-3:59am,6,6,0,This section IS NOT on the NHS,1,Rural,4,Minor Arterial,1,State Highway Agency,3,State Highway,SR-333,,99998,Not Reported,35.04663889,35.04663889,-106.155069400,-106.15506944,0,No Special Jurisdiction,12,Motor Vehicle In-Transport,1,Front-to-Rear,0,No,1,Non-Junction,1,Not an Intersection,0,None,,,1,On Roadway,2,Dark - Not Lighted,1,Clear,0,No Additional Atmospheric Conditions,1,Clear,0,No,0000000,Not Applicable,3,3:00am-3:59am,7,7,3,3:00am-3:59am,11,11,88,Not Applicable (Not Transported),88,Not Applicable (Not Transported),0,None,0,None,0,None,1,0
2019,35,350310,New Mexico,2,2,0,0,0,3,3,1,BERNALILLO (1),30,ALBUQUERQUE,12,12,11,November,2019,3,Tuesday,8,8:00am-8:59am,30,30,0,This section IS NOT on the NHS,2,Urban,3,Principal Arterial - Other,4,City or Municipal Highway Agency,6,Local Street - Municipality,3RD ST NW,ASPEND AVE,99998,Not Reported,35.10105833,35.10105833,-106.647208300,-106.64720833,0,No Special Jurisdiction,12,Motor Vehicle In-Transport,6,Angle,0,No,2,Intersection,2,Four-Way Intersection,0,None,,,1,On Roadway,1,Daylight,1,Clear,0,No Additional Atmospheric Conditions,1,Clear,0,No,0000000,Not Applicable,8,8:00am-8:59am,33,33,8,8:00am-8:59am,34,34,9,9:00am-9:59am,7,7,0,None,0,None,0,None,2,0
2019,35,350311,New Mexico,1,1,0,0,0,1,1,25,LEA (25),0,NOT APPLICABLE,11,11,11,November,2019,2,Monday,23,11:00pm-11:59pm,59,59,1,This section IS ON the NHS,1,Rural,3,Principal Arterial - Other,1,State Highway Agency,2,U.S. Highway,US-62,,99998,Not Reported,32.56649444,32.56649444,-103.686961100,-103.68696111,0,No Special Jurisdiction,1,Rollover/Overturn,0,The First Harmful Event was Not a Collision with a Motor Vehicle in Transport,0,No,1,Non-Junction,1,Not an Intersection,0,None,,,4,On Roadside,2,Dark - Not Lighted,1,Clear,0,No Additional Atmospheric Conditions,1,Clear,0,No,0000000,Not Applicable,99,Unknown,99,Unknown,99,Unknown EMS Scene Arrival Hour,99,Unknown EMS Scene Arrival Minutes,88,Not Applicable (Not Transported),88,Not Applicable (Not Transported),0,None,0,None,0,None,1,0
2019,35,350312,New Mexico,2,2,0,0,0,5,5,5,CHAVES (5),0,NOT APPLICABLE,13,13,11,November,2019,4,Wednesday,20,8:00pm-8:59pm,0,0,1,This section IS ON the NHS,1,Rural,3,Principal Arterial - Other,1,State Highway Agency,2,U.S. Highway,US-70,S BROWN RD,99998,Not Reported,33.39411389,33.39411389,-104.594919400,-104.59491944,0,No Special Jurisdiction,12,Motor Vehicle In-Transport,6,Angle,0,No,2,Intersection,3,T-Intersection,0,None,,,1,On Roadway,3,Dark - Lighted,1,Clear,0,No Additional Atmospheric Conditions,1,Clear,0,No,0000000,Not Applicable,20,8:00pm-8:59pm,1,1,20,8:00pm-8:59pm,6,6,20,8:00pm-8:59pm,18,18,0,None,0,None,0,None,2,0
2019,35,350313,New Mexico,1,1,0,1,1,1,1,25,LEA (25),550,LOVINGTON,9,9,11,November,2019,7,Saturday,1,1:00am-1:59am,28,28,0,This section IS NOT on the NHS,1,Rural,3,Principal Arterial - Other,1,State Highway Agency,3,State Highway,SR-18,,99998,Not Reported,32.87391667,32.87391667,-103.291725000,-103.291725000,0,No Special Jurisdiction,8,Pedestrian,0,The First Harmful Event was Not a Collision with a Motor Vehicle in Transport,0,No,1,Non-Junction,1,Not an Intersection,0,None,,,1,On Roadway,2,Dark - Not Lighted,5,"Fog, Smog, Smoke",0,No Additional Atmospheric Conditions,5,"Fog, Smog, Smoke",0,No,0000000,Not Applicable,99,Unknown,99,Unknown,99,Unknown EMS Scene Arrival Hour,99,Unknown EMS Scene Arrival Minutes,99,Unknown,99,Unknown EMS Hospital Arrival Time,0,None,0,None,0,None,1,0
2019,35,350314,New Mexico,1,1,0,0,0,1,1,11,DE BACA (11),0,NOT APPLICABLE,25,25,11,November,2019,2,Monday,18,6:00pm-6:59pm,45,45,0,This section IS NOT on the NHS,1,Rural,4,Minor Arterial,1,State Highway Agency,2,U.S. Highway,US-60,,99998,Not Reported,34.52069444,34.52069444,-104.885388900,-104.88538889,0,No Special Jurisdiction,34,Ditch,0,The First Harmful Event was Not a Collision with a Motor Vehicle in Transport,0,No,1,Non-Junction,1,Not an Intersection,0,None,,,4,On Roadside,2,Dark - Not Lighted,1,Clear,0,No Additional Atmospheric Conditions,1,Clear,0,No,0000000,Not Applicable,99,Unknown,99,Unknown,99,Unknown EMS Scene Arrival Hour,99,Unknown EMS Scene Arrival Minutes,88,Not Applicable (Not Transported),88,Not Applicable (Not Transported),0,None,0,None,0,None,1,1
2019,35,350315,New Mexico,4,4,0,0,0,4,4,13,DONA ANA (13),0,NOT APPLICABLE,26,26,11,November,2019,3,Tuesday,6,6:00am-6:59am,48,48,1,This section IS ON the NHS,2,Urban,3,Principal Arterial - Other,1,State Highway Agency,3,State Highway,SR-136,SR-273,99998,Not Reported,31.87686389,31.87686389,-106.650080600,-106.65008056,0,No Special Jurisdiction,12,Motor Vehicle In-Transport,7,Sideswipe - Same Direction,0,No,3,Intersection-Related,2,Four-Way Intersection,1,Construction,,,1,On Roadway,3,Dark - Lighted,1,Clear,0,No Additional Atmospheric Conditions,1,Clear,0,No,0000000,Not Applicable,6,6:00am-6:59am,52,52,6,6:00am-6:59am,57,57,99,Unknown,99,Unknown EMS Hospital Arrival Time,14,"Motor Vehicle struck by falling cargo,or something that came loose from or something that was set in motion by a vehicle",0,None,0,None,1,0
2019,35,350316,New Mexico,2,2,0,1,1,2,2,1,BERNALILLO (1),30,ALBUQUERQUE,9,9,11,November,2019,7,Saturday,18,6:00pm-6:59pm,23,23,1,This section IS ON the NHS,2,Urban,3,Principal Arterial - Other,1,State Highway Agency,3,State Highway,SR-45,,99998,Not Reported,35.08075833,35.08075833,-106.710600000,-106.710600000,0,No Special Jurisdiction,8,Pedestrian,0,The First Harmful Event was Not a Collision with a Motor Vehicle in Transport,0,No,1,Non-Junction,1,Not an Intersection,0,None,,,1,On Roadway,3,Dark - Lighted,1,Clear,0,No Additional Atmospheric Conditions,1,Clear,0,No,0000000,Not Applicable,17,5:00pm-5:59pm,54,54,17,5:00pm-5:59pm,57,57,88,Not Applicable (Not Transported),88,Not Applicable (Not Transported),0,None,0,None,0,None,1,0
2019,35,350317,New Mexico,1,1,0,0,0,1,1,5,CHAVES (5),670,ROSWELL,18,18,1,January,2019,6,Friday,1,1:00am-1:59am,50,50,0,This section IS NOT on the NHS,1,Rural,4,Minor Arterial,4,City or Municipal Highway Agency,6,Local Street - Municipality,2000 W COLLEGE BLVD,,99998,Not Reported,33.40844444,33.40844444,-104.553669400,-104.55366944,0,No Special Jurisdiction,33,Curb,0,The First Harmful Event was Not a Collision with a Motor Vehicle in Transport,0,No,1,Non-Junction,1,Not an Intersection,0,None,,,4,On Roadside,2,Dark - Not Lighted,1,Clear,0,No Additional Atmospheric Conditions,1,Clear,0,No,0000000,Not Applicable,99,Unknown,99,Unknown,99,Unknown EMS Scene Arrival Hour,99,Unknown EMS Scene Arrival Minutes,99,Unknown,99,Unknown EMS Hospital Arrival Time,0,None,0,None,0,None,1,0
2019,35,350318,New Mexico,1,1,0,1,1,2,2,45,SAN JUAN (45),745,SHIPROCK,2,2,9,September,2019,2,Monday,1,1:00am-1:59am,8,8,0,This section IS NOT on the NHS,1,Rural,7,Local,62,Bureau of Indian Affairs,9,Unknown,NAVAJO ROUTE 13,,99998,Not Reported,36.68140000,36.68140000,-108.723500000,-108.723500000,3,Indian Reservation,8,Pedestrian,0,The First Harmful Event was Not a Collision with a Motor Vehicle in Transport,0,No,1,Non-Junction,1,Not an Intersection,0,None,,,1,On Roadway,2,Dark - Not Lighted,1,Clear,0,No Additional Atmospheric Conditions,1,Clear,0,No,0000000,Not Applicable,99,Unknown,98,Unknown if Notified,99,Unknown EMS Scene Arrival Hour,98,Unknown if Arrived,99,Unknown,98,Unknown if Transported,0,None,0,None,0,None,1,0