caseyear,state,st_case,statename,ve_total,ve_forms,pvh_invl,peds,pernotmvit,permvit,persons,county,countyname,city,cityname,day,dayname,month,monthname,year,day_week,day_weekname,hour,hourname,minute,minutename,nhs,nhsname,rur_urb,rur_urbname,func_sys,func_sysname,rd_owner,rd_ownername,route,routename,tway_id,tway_id2,milept,mileptname,latitude,latitudename,longitud,longitudname,sp_jur,sp_jurname,harm_ev,harm_evname,man_coll,man_collname,reljct1,reljct1name,reljct2,reljct2name,typ_int,typ_intname,wrk_zone,wrk_zonename,road_fnc,road_fncname,rel_road,rel_roadname,lgt_cond,lgt_condname,weather1,weather1name,weather2,weather2name,weather,weathername,sch_bus,sch_busname,rail,railname,not_hour,not_hourname,not_min,not_minname,arr_hour,arr_hourname,arr_min,arr_minname,hosp_hr,hosp_hrname,hosp_mn,hosp_mnname,cf1,cf1name,cf2,cf2name,cf3,cf3name,fatals,drunk_dr
2019,35,350351,New Mexico,1,1,0,0,0,6,6,47,SAN MIGUEL (47),0,NOT APPLICABLE,15,15,12,December,2019,1,Sunday,16,4:00pm-4:59pm,46,46,1,This section IS ON the NHS,1,Rural,1,Interstate,1,State Highway Agency,1,Interstate,I-25,,99998,Not Reported,35.73056111,35.73056111,-105.050027800,-105.05002778,0,No Special Jurisdiction,1,Rollover/Overturn,0,The First Harmful Event was Not a Collision with a Motor Vehicle in Transport,0,No,1,Non-Junction,1,Not an Intersection,0,None,,,4,On Roadside,1,Daylight,6,Severe Crosswinds,0,No Additional Atmospheric Conditions,6,Severe Crosswinds,0,No,0000000,Not Applicable,16,4:00pm-4:59pm,50,50,17,5:00pm-5:59pm,3,3,17,5:00pm-5:59pm,41,41,0,None,0,None,0,None,1,0
2019,35,350352,New Mexico,1,1,0,2,2,2,2,57,TORRANCE (57),0,NOT APPLICABLE,28,28,12,December,2019,7,Saturday,23,11:00pm-11:59pm,40,40,1,This section IS ON the NHS,1,Rural,1,Interstate,1,State Highway Agency,1,Interstate,I-40,,99998,Not Reported,34.99198333,34.99198333,-105.307433300,-105.30743333,0,No Special Jurisdiction,51,Jackknife (harmful to this vehicle),0,The First Harmful Event was Not a Collision with a Motor Vehicle in Transport,0,No,1,Non-Junction,1,Not an Intersection,0,None,,,4,On Roadside,2,Dark - Not Lighted,4,Snow,0,No Additional Atmospheric Conditions,4,Snow,0,No,0000000,Not Applicable,0,0:00am-0:59am,56,56,99,Unknown EMS Scene Arrival Hour,99,Unknown EMS Scene Arrival Minutes,99,Unknown,99,Unknown EMS Hospital Arrival Time,0,None,0,None,0,None,1,0
2019,35,350353,New Mexico,1,1,0,0,0,1,1,9,CURRY (9),0,NOT APPLICABLE,14,14,12,December,2019,7,Saturday,4,4:00am-4:59am,19,19,0,This section IS NOT on the NHS,1,Rural,7,Local,1,State Highway Agency,3,State Highway,SR-77,,99998,Not Reported,34.52107778,34.52107778,-103.056011100,-103.05601111,0,No Special Jurisdiction,34,Ditch,0,The First Harmful Event was Not a Collision with a Motor Vehicle in Transport,0,No,1,Non-Junction,1,Not an Intersection,0,None,,,4,On Roadside,2,Dark - Not Lighted,1,Clear,0,No Additional Atmospheric Conditions,1,Clear,0,No,0000000,Not Applicable,4,4:00am-4:59am,10,10,4,4:00am-4:59am,18,18,88,Not Applicable (Not Transported),88,Not Applicable (Not Transported),0,None,0,None,0,None,1,1
2019,35,350354,New Mexico,1,1,0,1,1,1,1,1,BERNALILLO (1),30,ALBUQUERQUE,18,18,12,December,2019,4,Wednesday,18,6:00pm-6:59pm,50,50,0,This section IS NOT on the NHS,2,Urban,5,Major Collector,4,City or Municipal Highway Agency,5,Local Street - Township,AIRPORT DR NW,,99998,Not Reported,35.08618333,35.08618333,-106.718305600,-106.71830556,0,No Special Jurisdiction,8,Pedestrian,0,The First Harmful Event was Not a Collision with a Motor Vehicle in Transport,0,No,1,Non-Junction,1,Not an Intersection,0,None,,,1,On Roadway,2,Dark - Not Lighted,1,Clear,0,No Additional Atmospheric Conditions,1,Clear,0,No,0000000,Not Applicable,99,Unknown,98,Unknown if Notified,99,Unknown EMS Scene Arrival Hour,98,Unknown if Arrived,88,Not Applicable (Not Transported),88,Not Applicable (Not Transported),0,None,0,None,0,None,1,0
2019,35,350355,New Mexico,1,1,0,0,0,1,1,23,HIDALGO (23),0,NOT APPLICABLE,24,24,12,December,2019,3,Tuesday,16,4:00pm-4:59pm,13,13,1,This section IS ON the NHS,1,Rural,1,Interstate,1,State Highway Agency,1,Interstate,I-10,,99998,Not Reported,32.26340833,32.26340833,-108.525747200,-108.52574722,0,No Special Jurisdiction,35,Embankment,0,The First Harmful Event was Not a Collision with a Motor Vehicle in Transport,0,No,1,Non-Junction,1,Not an Intersection,0,None,,,3,On Median,1,Daylight,1,Clear,0,No Additional Atmospheric Conditions,1,Clear,0,No,0000000,Not Applicable,99,Unknown,99,Unknown,99,Unknown EMS Scene Arrival Hour,99,Unknown EMS Scene Arrival Minutes,88,Not Applicable (Not Transported),88,Not Applicable (Not Transported),0,None,0,None,0,None,1,0
2019,35,350356,New Mexico,1,1,0,0,0,2,2,13,DONA ANA (13),470,LAS CRUCES,23,23,12,December,2019,2,Monday,20,8:00pm-8:59pm,15,15,0,This section IS NOT on the NHS,2,Urban,4,Minor Arterial,4,City or Municipal Highway Agency,6,Local Street - Municipality,W MADRID AVE,N ALAMEDA BLVD,99998,Not Reported,32.32671111,32.32671111,-106.787725000,-106.787725000,0,No Special Jurisdiction,46,Traffic Signal Support,0,The First Harmful Event was Not a Collision with a Motor Vehicle in Transport,0,No,3,Intersection-Related,3,T-Intersection,4,"Work Zone, Type Unknown",,,4,On Roadside,3,Dark - Lighted,1,Clear,0,No Additional Atmospheric Conditions,1,Clear,0,No,0000000,Not Applicable,99,Unknown,99,Unknown,99,Unknown EMS Scene Arrival Hour,99,Unknown EMS Scene Arrival Minutes,99,Unknown,99,Unknown EMS Hospital Arrival Time,20,Police Pursuit Involved,0,None,0,None,1,1
2019,35,350357,New Mexico,1,1,0,0,0,2,2,6,CIBOLA (6),0,NOT APPLICABLE,10,10,11,November,2019,1,Sunday,2,2:00am-2:59am,17,17,1,This section IS ON the NHS,1,Rural,1,Interstate,1,State Highway Agency,1,Interstate,I-40,,99998,Not Reported,35.07411944,35.07411944,-107.550127800,-107.55012778,0,No Special Jurisdiction,35,Embankment,0,The First Harmful Event was Not a Collision with a Motor Vehicle in Transport,0,No,1,Non-Junction,1,Not an Intersection,0,None,,,4,On Roadside,2,Dark - Not Lighted,1,Clear,0,No Additional Atmospheric Conditions,1,Clear,0,No,0000000,Not Applicable,99,Unknown,99,Unknown,99,Unknown EMS Scene Arrival Hour,99,Unknown EMS Scene Arrival Minutes,99,Unknown,99,Unknown EMS Hospital Arrival Time,0,None,0,None,0,None,1,0
2019,35,350358,New Mexico,1,1,0,0,0,1,1,15,EDDY (15),0,NOT APPLICABLE,12,12,12,December,2019,5,Thursday,23,11:00pm-11:59pm,34,34,1,This section IS ON the NHS,1,Rural,3,Principal Arterial - Other,1,State Highway Agency,2,U.S. Highway,US-285,,99998,Not Reported,32.67695556,32.67695556,-104.395430600,-104.39543056,0,No Special Jurisdiction,1,Rollover/Overturn,0,The First Harmful Event was Not a Collision with a Motor Vehicle in Transport,0,No,1,Non-Junction,1,Not an Intersection,0,None,,,4,On Roadside,2,Dark - Not Lighted,1,Clear,0,No Additional Atmospheric Conditions,1,Clear,0,No,0000000,Not Applicable,99,Unknown,99,Unknown,99,Unknown EMS Scene Arrival Hour,99,Unknown EMS Scene Arrival Minutes,88,Not Applicable (Not Transported),88,Not Applicable (Not Transported),0,None,0,None,0,None,1,0
2019,35,350359,New Mexico,1,1,0,0,0,2,2,39,RIO ARRIBA (39),280,ESPAÑOLA,15,15,12,December,2019,1,Sunday,22,10:00pm-10:59pm,24,24,0,This section IS NOT on the NHS,2,Urban,7,Local,4,City or Municipal Highway Agency,4,County Road,CR-291,,99998,Not Reported,36.01368889,36.01368889,-106.043580600,-106.04358056,0,No Special Jurisdiction,39,Wall,0,The First Harmful Event was Not a Collision with a Motor Vehicle in Transport,0,No,1,Non-Junction,1,Not an Intersection,0,None,,,5,Outside Trafficway,3,Dark - Lighted,1,Clear,0,No Additional Atmospheric Conditions,1,Clear,0,No,0000000,Not Applicable,99,Unknown,99,Unknown,99,Unknown EMS Scene Arrival Hour,99,Unknown EMS Scene Arrival Minutes,99,Unknown,99,Unknown EMS Hospital Arrival Time,0,None,0,None,0,None,1,1
2019,35,350360,New Mexico,1,1,0,0,0,1,1,15,EDDY (15),0,NOT APPLICABLE,4,4,12,December,2019,4,Wednesday,0,0:00am-0:59am,25,25,1,This section IS ON the NHS,1,Rural,3,Principal Arterial - Other,1,State Highway Agency,2,U.S. Highway,US-285,,99998,Not Reported,32.50924722,32.50924722,-104.377030600,-104.37703056,0,No Special Jurisdiction,1,Rollover/Overturn,0,The First Harmful Event was Not a Collision with a Motor Vehicle in Transport,0,No,1,Non-Junction,1,Not an Intersection,0,None,,,4,On Roadside,3,Dark - Lighted,1,Clear,0,No Additional Atmospheric Conditions,1,Clear,0,No,0000000,Not Applicable,99,Unknown,98,Unknown if Notified,99,Unknown EMS Scene Arrival Hour,98,Unknown if Arrived,88,Not Applicable (Not Transported),88,Not Applicable (Not Transported),0,None,0,None,0,None,1,1
2019,35,350361,New Mexico,1,1,0,0,0,3,3,27,LINCOLN (27),9997,Other,8,8,12,December,2019,1,Sunday,0,0:00am-0:59am,38,38,0,This section IS NOT on the NHS,2,Urban,5,Major Collector,2,County Highway Agency,5,Local Street - Township,607 GAVILAN CANYON RD,,99998,Not Reported,33.36322222,33.36322222,-105.644100000,-105.644100000,0,No Special Jurisdiction,30,Utility Pole/Light Support,0,The First Harmful Event was Not a Collision with a Motor Vehicle in Transport,0,No,1,Non-Junction,1,Not an Intersection,0,None,,,4,On Roadside,2,Dark - Not Lighted,1,Clear,0,No Additional Atmospheric Conditions,1,Clear,0,No,0000000,Not Applicable,99,Unknown,99,Unknown,99,Unknown EMS Scene Arrival Hour,99,Unknown EMS Scene Arrival Minutes,99,Unknown,99,Unknown EMS Hospital Arrival Time,0,None,0,None,0,None,2,1
2019,35,350362,New Mexico,1,1,0,0,0,1,1,33,MORA (33),0,NOT APPLICABLE,23,23,11,November,2019,7,Saturday,14,2:00pm-2:59pm,34,34,0,This section IS NOT on the NHS,1,Rural,6,Minor Collector,1,State Highway Agency,9,Unknown,FRONTAGE ROAD 1251,,99998,Not Reported,36.17723611,36.17723611,-104.667261100,-104.66726111,0,No Special Jurisdiction,38,Fence,0,The First Harmful Event was Not a Collision with a Motor Vehicle in Transport,0,No,1,Non-Junction,1,Not an Intersection,0,None,,,5,Outside Trafficway,1,Daylight,1,Clear,0,No Additional Atmospheric Conditions,1,Clear,0,No,0000000,Not Applicable,99,Unknown,99,Unknown,99,Unknown EMS Scene Arrival Hour,99,Unknown EMS Scene Arrival Minutes,99,Unknown,99,Unknown EMS Hospital Arrival Time,0,None,0,None,0,None,1,0
2019,35,350363,New Mexico,2,2,0,0,0,4,4,25,LEA (25),0,NOT APPLICABLE,24,24,12,December,2019,3,Tuesday,3,3:00am-3:59am,13,13,0,This section IS NOT on the NHS,1,Rural,4,Minor Arterial,4,City or Municipal Highway Agency,6,Local Street - Municipality,SOUTH BYPASS,,99998,Not Reported,32.66873889,32.66873889,-103.137338900,-103.13733889,0,No Special Jurisdiction,12,Motor Vehicle In-Transport,2,Front-to-Front,0,No,1,Non-Junction,1,Not an Intersection,0,None,,,1,On Roadway,2,Dark - Not Lighted,1,Clear,0,No Additional Atmospheric Conditions,1,Clear,0,No,0000000,Not Applicable,2,2:00am-2:59am,58,58,3,3:00am-3:59am,9,9,88,Not Applicable (Not Transported),88,Not Applicable (Not Transported),0,None,0,None,0,None,1,1
2019,35,350364,New Mexico,1,1,0,0,0,2,2,57,TORRANCE (57),9997,Other,29,29,12,December,2019,1,Sunday,18,6:00pm-6:59pm,30,30,1,This section IS ON the NHS,1,Rural,3,Principal Arterial - Other,1,State Highway Agency,2,U.S. Highway,US-54,,99998,Not Reported,34.26045556,34.26045556,-105.584572200,-105.58457222,0,No Special Jurisdiction,1,Rollover/Overturn,0,The First Harmful Event was Not a Collision with a Motor Vehicle in Transport,0,No,1,Non-Junction,1,Not an Intersection,0,None,,,4,On Roadside,6,Dark - Unknown Lighting,98,Not Reported,0,No Additional Atmospheric Conditions,98,Not Reported,0,No,0000000,Not Applicable,19,7:00pm-7:59pm,0,0,99,Unknown EMS Scene Arrival Hour,99,Unknown EMS Scene Arrival Minutes,99,Unknown,99,Unknown EMS Hospital Arrival Time,0,None,0,None,0,None,1,1
2019,35,350365,New Mexico,2,2,0,0,0,7,7,35,OTERO (35),0,NOT APPLICABLE,20,20,12,December,2019,6,Friday,21,9:00pm-9:59pm,56,56,1,This section IS ON the NHS,1,Rural,3,Principal Arterial - Other,1,State Highway Agency,2,U.S. Highway,US-54,,99998,Not Reported,33.05976667,33.05976667,-106.014577800,-106.01457778,0,No Special Jurisdiction,12,Motor Vehicle In-Transport,1,Front-to-Rear,0,No,1,Non-Junction,1,Not an Intersection,0,None,,,1,On Roadway,3,Dark - Lighted,1,Clear,0,No Additional Atmospheric Conditions,1,Clear,0,No,0000000,Not Applicable,21,9:00pm-9:59pm,58,58,22,10:00pm-10:59pm,13,13,22,10:00pm-10:59pm,45,45,0,None,0,None,0,None,2,0
2019,35,350366,New Mexico,1,1,0,0,0,1,1,43,SANDOVAL (43),740,SANTO DOMINGO PUEBLO,15,15,6,June,2019,7,Saturday,4,4:00am-4:59am,55,55,0,This section IS NOT on the NHS,1,Rural,4,Minor Arterial,1,State Highway Agency,3,State Highway,SR-313,,99998,Not Reported,35.21813333,35.21813333,-106.593413900,-106.59341389,3,Indian Reservation,1,Rollover/Overturn,0,The First Harmful Event was Not a Collision with a Motor Vehicle in Transport,0,No,1,Non-Junction,1,Not an Intersection,0,None,,,4,On Roadside,4,Dawn,98,Not Reported,0,No Additional Atmospheric Conditions,98,Not Reported,0,No,0000000,Not Applicable,99,Unknown,99,Unknown,99,Unknown EMS Scene Arrival Hour,99,Unknown EMS Scene Arrival Minutes,88,Not Applicable (Not Transported),88,Not Applicable (Not Transported),0,None,0,None,0,None,1,1
2019,35,350367,New Mexico,1,1,0,1,1,3,3,45,SAN JUAN (45),9997,Other,17,17,12,December,2019,3,Tuesday,18,6:00pm-6:59pm,28,28,0,This section IS NOT on the NHS,1,Rural,4,Minor Arterial,50,Indian Tribe Nation,9,Unknown,NAVAJO ROUTE 36,,99998,Not Reported,36.73180278,36.73180278,-108.426247200,-108.42624722,3,Indian Reservation,8,Pedestrian,0,The First Harmful Event was Not a Collision with a Motor Vehicle in Transport,0,No,1,Non-Junction,1,Not an Intersection,0,None,,,1,On Roadway,2,Dark - Not Lighted,1,Clear,0,No Additional Atmospheric Conditions,1,Clear,0,No,0000000,Not Applicable,99,Unknown,98,Unknown if Notified,99,Unknown EMS Scene Arrival Hour,98,Unknown if Arrived,88,Not Applicable (Not Transported),88,Not Applicable (Not Transported),0,None,0,None,0,None,1,0
2019,35,350368,New Mexico,2,2,0,0,0,3,3,45,SAN JUAN (45),335,FRUITLAND,28,28,12,December,2019,7,Saturday,5,5:00am-5:59am,13,13,0,This section IS NOT on the NHS,1,Rural,6,Minor Collector,50,Indian Tribe Nation,9,Unknown,NAVAJO ROUTE 36,,99998,Not Reported,36.70655833,36.70655833,-108.370972200,-108.37097222,3,Indian Reservation,12,Motor Vehicle In-Transport,6,Angle,0,No,1,Non-Junction,1,Not an Intersection,0,None,,,1,On Roadway,2,Dark - Not Lighted,4,Snow,0,No Additional Atmospheric Conditions,4,Snow,0,No,0000000,Not Applicable,99,Unknown,99,Unknown,99,Unknown EMS Scene Arrival Hour,99,Unknown EMS Scene Arrival Minutes,88,Not Applicable (Not Transported),88,Not Applicable (Not Transported),0,None,0,None,0,None,1,1
2019,35,350369,New Mexico,2,2,0,0,0,2,2,9,CURRY (9),0,NOT APPLICABLE,7,7,10,October,2019,2,Monday,12,12:00pm-12:59pm,30,30,0,This section IS NOT on the NHS,1,Rural,7,Local,2,County Highway Agency,4,County Road,CR-CURRY RD 3,CR-CURRY RD G,99998,Not Reported,34.30300000,34.30300000,-103.144000000,-103.144000000,0,No Special Jurisdiction,12,Motor Vehicle In-Transport,6,Angle,0,No,2,Intersection,2,Four-Way Intersection,0,None,,,1,On Roadway,1,Daylight,1,Clear,0,No Additional Atmospheric Conditions,1,Clear,0,No,0000000,Not Applicable,12,12:00pm-12:59pm,30,30,12,12:00pm-12:59pm,38,38,88,Not Applicable (Not Transported),88,Not Applicable (Not Transported),0,None,0,None,0,None,1,0
2020,35,350001,New Mexico,1,1,0,0,0,1,1,49,SANTA FE (49),710,SANTA FE,1,1,1,January,2020,4,Wednesday,3,3:00am-3:59am,58,58,0,This section IS NOT on the NHS,2,Urban,4,Minor Arterial,4,City or Municipal Highway Agency,6,Local Street - Municipality,AGUA FRIA ST,,99998,Not Reported,35.65940278,35.65940278,-106.008861110,-106.008861110,0,No Special Jurisdiction,33,Curb,0,The First Harmful Event was Not a Collision with a Motor Vehicle in Transport,0,No,1,Non-Junction,1,Not an Intersection,0,None,,,4,On Roadside,2,Dark - Not Lighted,,,,,1,Clear,0,No,0000000,Not Applicable,3,3:00am-3:59am,59,59,4,4:00am-4:59am,7,7,88,"Not Applicable (Not Transported) ",88,Not Applicable (Not Transported),,,,,,,1,1
2020,35,350002,New Mexico,1,1,0,0,0,2,2,43,SANDOVAL (43),0,NOT APPLICABLE,1,1,1,January,2020,4,Wednesday,6,6:00am-6:59am,50,50,1,This section IS ON the NHS,1,Rural,1,Interstate,1,State Highway Agency,1,Interstate,I-25,,99998,Not Reported,35.41101944,35.41101944,-106.417200000,-106.417200000,3,Indian Reservation,1,Rollover/Overturn,0,The First Harmful Event was Not a Collision with a Motor Vehicle in Transport,0,No,1,Non-Junction,1,Not an Intersection,0,None,,,4,On Roadside,2,Dark - Not Lighted,,,,,1,Clear,0,No,0000000,Not Applicable,99,Unknown,99,Unknown,99,Unknown EMS Scene Arrival Hour,99,Unknown EMS Scene Arrival Minutes,99,Unknown,99,Unknown EMS Hospital Arrival Time,,,,,,,1,1
2020,35,350003,New Mexico,2,2,0,1,1,2,2,1,BERNALILLO (1),30,ALBUQUERQUE,3,3,1,January,2020,6,Friday,18,6:00pm-6:59pm,7,7,0,This section IS NOT on the NHS,2,Urban,3,Principal Arterial - Other,4,City or Municipal Highway Agency,6,Local Street - Municipality,CENTRAL AVE,,99998,Not Reported,35.06719167,35.06719167,-106.766366670,-106.766366670,0,No Special Jurisdiction,8,Pedestrian,0,The First Harmful Event was Not a Collision with a Motor Vehicle in Transport,0,No,1,Non-Junction,1,Not an Intersection,0,None,,,1,On Roadway,2,Dark - Not Lighted,,,,,1,Clear,0,No,0000000,Not Applicable,18,6:00pm-6:59pm,9,9,18,6:00pm-6:59pm,17,17,88,"Not Applicable (Not Transported) ",88,Not Applicable (Not Transported),,,,,,,1,0
2020,35,350004,New Mexico,1,1,0,0,0,1,1,49,SANTA FE (49),710,SANTA FE,19,19,1,January,2020,1,Sunday,0,0:00am-0:59am,51,51,0,This section IS NOT on the NHS,2,Urban,7,Local,4,City or Municipal Highway Agency,6,Local Street - Municipality,MUTT NELSON ROAD,,99998,Not Reported,35.60945278,35.60945278,-106.052002780,-106.052002780,0,No Special Jurisdiction,1,Rollover/Overturn,0,The First Harmful Event was Not a Collision with a Motor Vehicle in Transport,0,No,1,Non-Junction,1,Not an Intersection,0,None,,,4,On Roadside,2,Dark - Not Lighted,,,,,1,Clear,0,No,0000000,Not Applicable,0,0:00am-0:59am,57,57,1,1:00am-1:59am,6,6,88,"Not Applicable (Not Transported) ",88,Not Applicable (Not Transported),,,,,,,1,1
2020,35,350005,New Mexico,2,2,0,0,0,2,2,1,BERNALILLO (1),30,ALBUQUERQUE,7,7,1,January,2020,3,Tuesday,19,7:00pm-7:59pm,53,53,0,This section IS NOT on the NHS,2,Urban,7,Local,4,City or Municipal Highway Agency,9,Unknown,MANAUL BLVD,PRINCETON DR,99998,Not Reported,35.10926389,35.10926389,-106.620361110,-106.620361110,0,No Special Jurisdiction,12,Motor Vehicle In-Transport,6,Angle,0,No,2,Intersection,2,Four-Way Intersection,0,None,,,1,On Roadway,3,Dark - Lighted,,,,,1,Clear,0,No,0000000,Not Applicable,19,7:00pm-7:59pm,54,54,19,7:00pm-7:59pm,59,59,88,"Not Applicable (Not Transported) ",88,Not Applicable (Not Transported),,,,,,,1,0
2020,35,350006,New Mexico,1,1,0,0,0,2,2,17,GRANT (17),0,NOT APPLICABLE,8,8,1,January,2020,4,Wednesday,13,1:00pm-1:59pm,50,50,0,This section IS NOT on the NHS,1,Rural,4,Minor Arterial,1,State Highway Agency,2,U.S. Highway,US-180,,99998,Not Reported,33.04350000,33.04350000,-108.719861110,-108.719861110,0,No Special Jurisdiction,1,Rollover/Overturn,0,The First Harmful Event was Not a Collision with a Motor Vehicle in Transport,0,No,1,Non-Junction,1,Not an Intersection,0,None,,,1,On Roadway,1,Daylight,,,,,1,Clear,0,No,0000000,Not Applicable,13,1:00pm-1:59pm,45,45,14,2:00pm-2:59pm,5,5,88,"Not Applicable (Not Transported) ",88,Not Applicable (Not Transported),,,,,,,2,0
2020,35,350007,New Mexico,2,2,0,0,0,2,2,6,CIBOLA (6),702,SAN FIDEL,11,11,1,January,2020,7,Saturday,13,1:00pm-1:59pm,5,5,1,This section IS ON the NHS,1,Rural,1,Interstate,1,State Highway Agency,1,Interstate,I-40,,99998,Not Reported,35.07500000,35.07500000,-107.595188890,-107.595188890,0,No Special Jurisdiction,12,Motor Vehicle In-Transport,1,Front-to-Rear,0,No,1,Non-Junction,1,Not an Intersection,0,None,,,1,On Roadway,1,Daylight,,,,,1,Clear,0,No,0000000,Not Applicable,14,2:00pm-2:59pm,11,11,14,2:00pm-2:59pm,29,29,88,"Not Applicable (Not Transported) ",88,Not Applicable (Not Transported),,,,,,,1,0
2020,35,350008,New Mexico,1,1,0,0,0,2,2,49,SANTA FE (49),280,ESPANOLA,9,9,1,January,2020,5,Thursday,23,11:00pm-11:59pm,47,47,0,This section IS NOT on the NHS,2,Urban,3,Principal Arterial - Other,1,State Highway Agency,3,State Highway,SR-68,,99998,Not Reported,35.99915000,35.99915000,-106.063080560,-106.063080560,3,Indian Reservation,43,Other Fixed Object,0,The First Harmful Event was Not a Collision with a Motor Vehicle in Transport,0,No,1,Non-Junction,1,Not an Intersection,0,None,,,4,On Roadside,3,Dark - Lighted,,,,,1,Clear,0,No,0000000,Not Applicable,23,11:00pm-11:59pm,48,48,23,11:00pm-11:59pm,55,55,0,0:00am-0:59am,13,13,,,,,,,1,0
2020,35,350009,New Mexico,1,1,0,1,1,1,1,45,SAN JUAN (45),0,NOT APPLICABLE,12,12,1,January,2020,1,Sunday,17,5:00pm-5:59pm,50,50,1,This section IS ON the NHS,1,Rural,3,Principal Arterial - Other,1,State Highway Agency,2,U.S. Highway,US-64,,99998,Not Reported,36.75789722,36.75789722,-108.514233330,-108.514233330,0,No Special Jurisdiction,8,Pedestrian,0,The First Harmful Event was Not a Collision with a Motor Vehicle in Transport,0,No,1,Non-Junction,1,Not an Intersection,0,None,,,1,On Roadway,2,Dark - Not Lighted,,,,,1,Clear,0,No,0000000,Not Applicable,99,Unknown,99,Unknown,99,Unknown EMS Scene Arrival Hour,99,Unknown EMS Scene Arrival Minutes,88,"Not Applicable (Not Transported) ",88,Not Applicable (Not Transported),,,,,,,1,0
2020,35,350010,New Mexico,3,3,0,0,0,3,3,6,CIBOLA (6),0,NOT APPLICABLE,4,4,1,January,2020,7,Saturday,4,4:00am-4:59am,16,16,1,This section IS ON the NHS,1,Rural,1,Interstate,1,State Highway Agency,1,Interstate,I-40,,99998,Not Reported,35.01251667,35.01251667,-107.322938890,-107.322938890,3,Indian Reservation,24,Guardrail Face,0,The First Harmful Event was Not a Collision with a Motor Vehicle in Transport,1,Yes,19,Other location within Interchange Area,1,Not an Intersection,0,None,,,4,On Roadside,2,Dark - Not Lighted,,,,,1,Clear,0,No,0000000,Not Applicable,4,4:00am-4:59am,17,17,4,4:00am-4:59am,28,28,88,"Not Applicable (Not Transported) ",88,Not Applicable (Not Transported),,,,,,,1,0
2020,35,350011,New Mexico,2,2,0,0,0,2,2,15,EDDY (15),0,NOT APPLICABLE,8,8,1,January,2020,4,Wednesday,22,10:00pm-10:59pm,22,22,0,This section IS NOT on the NHS,1,Rural,5,Major Collector,1,State Highway Agency,3,State Highway,SR-128,,99998,Not Reported,32.34217222,32.34217222,-103.989980560,-103.989980560,0,No Special Jurisdiction,12,Motor Vehicle In-Transport,2,Front-to-Front,0,No,1,Non-Junction,1,Not an Intersection,0,None,,,1,On Roadway,2,Dark - Not Lighted,,,,,1,Clear,0,No,0000000,Not Applicable,99,Unknown,99,Unknown,99,Unknown EMS Scene Arrival Hour,99,Unknown EMS Scene Arrival Minutes,99,Unknown,99,Unknown EMS Hospital Arrival Time,,,,,,,1,1
2020,35,350012,New Mexico,1,1,0,0,0,2,2,47,SAN MIGUEL (47),0,NOT APPLICABLE,11,11,1,January,2020,7,Saturday,13,1:00pm-1:59pm,46,46,0,This section IS NOT on the NHS,1,Rural,6,Minor Collector,1,State Highway Agency,9,Unknown,CR-B26A,,99998,Not Reported,35.39011389,35.39011389,-105.340052780,-105.340052780,0,No Special Jurisdiction,42,Tree (Standing Only),0,The First Harmful Event was Not a Collision with a Motor Vehicle in Transport,0,No,1,Non-Junction,1,Not an Intersection,0,None,,,4,On Roadside,1,Daylight,,,,,1,Clear,0,No,0000000,Not Applicable,13,1:00pm-1:59pm,48,48,14,2:00pm-2:59pm,5,5,14,2:00pm-2:59pm,24,24,,,,,,,1,0
2020,35,350013,New Mexico,2,2,0,0,0,3,3,49,SANTA FE (49),774,STANLEY,14,14,1,January,2020,3,Tuesday,6,6:00am-6:59am,0,0,0,This section IS NOT on the NHS,1,Rural,5,Major Collector,1,State Highway Agency,3,State Highway,SR-41,,99998,Not Reported,35.08241944,35.08241944,-106.005350000,-106.005350000,0,No Special Jurisdiction,12,Motor Vehicle In-Transport,2,Front-to-Front,0,No,1,Non-Junction,1,Not an Intersection,0,None,,,1,On Roadway,2,Dark - Not Lighted,,,,,1,Clear,0,No,0000000,Not Applicable,6,6:00am-6:59am,9,9,6,6:00am-6:59am,24,24,88,"Not Applicable (Not Transported) ",88,Not Applicable (Not Transported),,,,,,,2,0