caseyear,state,st_case,statename,ve_total,ve_forms,pvh_invl,peds,pernotmvit,permvit,persons,county,countyname,city,cityname,day,dayname,month,monthname,year,day_week,day_weekname,hour,hourname,minute,minutename,nhs,nhsname,rur_urb,rur_urbname,func_sys,func_sysname,rd_owner,rd_ownername,route,routename,tway_id,tway_id2,milept,mileptname,latitude,latitudename,longitud,longitudname,sp_jur,sp_jurname,harm_ev,harm_evname,man_coll,man_collname,reljct1,reljct1name,reljct2,reljct2name,typ_int,typ_intname,wrk_zone,wrk_zonename,road_fnc,road_fncname,rel_road,rel_roadname,lgt_cond,lgt_condname,weather1,weather1name,weather2,weather2name,weather,weathername,sch_bus,sch_busname,rail,railname,not_hour,not_hourname,not_min,not_minname,arr_hour,arr_hourname,arr_min,arr_minname,hosp_hr,hosp_hrname,hosp_mn,hosp_mnname,cf1,cf1name,cf2,cf2name,cf3,cf3name,fatals,drunk_dr
2020,35,350188,New Mexico,1,1,0,1,1,1,1,1,BERNALILLO (1),30,ALBUQUERQUE,19,19,7,July,2020,1,Sunday,21,9:00pm-9:59pm,39,39,0,This section IS NOT on the NHS,2,Urban,4,Minor Arterial,4,City or Municipal Highway Agency,6,Local Street - Municipality,GOLF COURSE RD NW,MARNA LYNN,99998,Not Reported,35.18577778,35.18577778,-106.685663890,-106.685663890,0,No Special Jurisdiction,9,Pedalcyclist,0,The First Harmful Event was Not a Collision with a Motor Vehicle in Transport,0,No,3,Intersection-Related,2,Four-Way Intersection,0,None,,,1,On Roadway,3,Dark - Lighted,,,,,1,Clear,0,No,0000000,Not Applicable,99,Unknown,99,Unknown,99,Unknown EMS Scene Arrival Hour,99,Unknown EMS Scene Arrival Minutes,88,"Not Applicable (Not Transported) ",88,Not Applicable (Not Transported),,,,,,,1,0
2020,35,350189,New Mexico,1,1,0,0,0,1,1,1,BERNALILLO (1),30,ALBUQUERQUE,22,22,7,July,2020,4,Wednesday,11,11:00am-11:59am,5,5,1,This section IS ON the NHS,2,Urban,3,Principal Arterial - Other,1,State Highway Agency,3,State Highway,SR-45,,99998,Not Reported,35.18328056,35.18328056,-106.665986110,-106.665986110,0,No Special Jurisdiction,33,Curb,0,The First Harmful Event was Not a Collision with a Motor Vehicle in Transport,0,No,1,Non-Junction,1,Not an Intersection,0,None,,,4,On Roadside,1,Daylight,,,,,1,Clear,0,No,0000000,Not Applicable,99,Unknown,99,Unknown,99,Unknown EMS Scene Arrival Hour,99,Unknown EMS Scene Arrival Minutes,88,"Not Applicable (Not Transported) ",88,Not Applicable (Not Transported),,,,,,,1,0
2020,35,350190,New Mexico,2,2,0,0,0,3,3,45,SAN JUAN (45),335,FRUITLAND,30,30,7,July,2020,5,Thursday,22,10:00pm-10:59pm,21,21,0,This section IS NOT on the NHS,1,Rural,4,Minor Arterial,62,Bureau of Indian Affairs,9,Unknown,BIA-36,,99998,Not Reported,36.72095278,36.72095278,-108.259552780,-108.259552780,3,Indian Reservation,12,Motor Vehicle In-Transport,2,Front-to-Front,0,No,1,Non-Junction,1,Not an Intersection,0,None,,,1,On Roadway,2,Dark - Not Lighted,,,,,1,Clear,0,No,0000000,Not Applicable,99,Unknown,99,Unknown,99,Unknown EMS Scene Arrival Hour,99,Unknown EMS Scene Arrival Minutes,99,Unknown,99,Unknown EMS Hospital Arrival Time,,,,,,,1,1
2020,35,350191,New Mexico,1,1,0,0,0,1,1,1,BERNALILLO (1),30,ALBUQUERQUE,25,25,7,July,2020,7,Saturday,1,1:00am-1:59am,56,56,1,This section IS ON the NHS,2,Urban,1,Interstate,1,State Highway Agency,1,Interstate,I-25 RAMP,,99998,Not Reported,35.17275833,35.17275833,-106.584652780,-106.584652780,0,No Special Jurisdiction,25,Concrete Traffic Barrier,0,The First Harmful Event was Not a Collision with a Motor Vehicle in Transport,1,Yes,5,Entrance/Exit Ramp Related,1,Not an Intersection,0,None,,,4,On Roadside,3,Dark - Lighted,,,,,1,Clear,0,No,0000000,Not Applicable,2,2:00am-2:59am,4,4,2,2:00am-2:59am,11,11,99,Unknown,99,Unknown EMS Hospital Arrival Time,,,,,,,1,1
2020,35,350192,New Mexico,1,1,0,0,0,2,2,17,GRANT (17),175,CLIFF,25,25,7,July,2020,7,Saturday,18,6:00pm-6:59pm,48,48,0,This section IS NOT on the NHS,1,Rural,7,Local,2,County Highway Agency,9,Unknown,NORRIS RD,,99998,Not Reported,32.91561111,32.91561111,-108.629022220,-108.629022220,0,No Special Jurisdiction,1,Rollover/Overturn,0,The First Harmful Event was Not a Collision with a Motor Vehicle in Transport,0,No,1,Non-Junction,1,Not an Intersection,0,None,,,1,On Roadway,1,Daylight,,,,,98,Not Reported,0,No,0000000,Not Applicable,18,6:00pm-6:59pm,56,56,19,7:00pm-7:59pm,20,20,99,Unknown,99,Unknown EMS Hospital Arrival Time,,,,,,,1,0
2020,35,350193,New Mexico,1,1,0,0,0,1,1,61,VALENCIA (61),100,BELEN,11,11,7,July,2020,7,Saturday,14,2:00pm-2:59pm,57,57,0,This section IS NOT on the NHS,1,Rural,6,Minor Collector,1,State Highway Agency,3,State Highway,SR-109,,99998,Not Reported,34.61164722,34.61164722,-106.761791670,-106.761791670,0,No Special Jurisdiction,30,Utility Pole/Light Support,0,The First Harmful Event was Not a Collision with a Motor Vehicle in Transport,0,No,1,Non-Junction,1,Not an Intersection,0,None,,,4,On Roadside,1,Daylight,,,,,1,Clear,0,No,0000000,Not Applicable,99,Unknown,99,Unknown,99,Unknown EMS Scene Arrival Hour,99,Unknown EMS Scene Arrival Minutes,99,Unknown,99,Unknown EMS Hospital Arrival Time,,,,,,,1,1
2020,35,350194,New Mexico,1,1,0,0,0,6,6,55,TAOS (55),631,PILAR,30,30,7,July,2020,5,Thursday,1,1:00am-1:59am,5,5,0,This section IS NOT on the NHS,1,Rural,6,Minor Collector,1,State Highway Agency,3,State Highway,SR-570,,99998,Not Reported,36.30575278,36.30575278,-105.767980560,-105.767980560,0,No Special Jurisdiction,1,Rollover/Overturn,0,The First Harmful Event was Not a Collision with a Motor Vehicle in Transport,0,No,1,Non-Junction,1,Not an Intersection,0,None,,,4,On Roadside,2,Dark - Not Lighted,,,,,1,Clear,0,No,0000000,Not Applicable,1,1:00am-1:59am,9,9,1,1:00am-1:59am,40,40,99,Unknown,99,Unknown EMS Hospital Arrival Time,,,,,,,1,1
2020,35,350195,New Mexico,1,1,0,0,0,1,1,49,SANTA FE (49),0,NOT APPLICABLE,7,7,7,July,2020,3,Tuesday,11,11:00am-11:59am,51,51,0,This section IS NOT on the NHS,1,Rural,7,Local,26,Private (other than Railroad),9,Unknown,"PASEO DE ESTRELLAS ",,99998,Not Reported,35.68965833,35.68965833,-106.066080560,-106.066080560,0,No Special Jurisdiction,42,Tree (Standing Only),0,The First Harmful Event was Not a Collision with a Motor Vehicle in Transport,0,No,1,Non-Junction,1,Not an Intersection,0,None,,,4,On Roadside,1,Daylight,,,,,1,Clear,0,No,0000000,Not Applicable,99,Unknown,99,Unknown,99,Unknown EMS Scene Arrival Hour,99,Unknown EMS Scene Arrival Minutes,88,"Not Applicable (Not Transported) ",88,Not Applicable (Not Transported),,,,,,,1,0
2020,35,350196,New Mexico,1,1,0,0,0,2,2,1,BERNALILLO (1),30,ALBUQUERQUE,23,23,7,July,2020,5,Thursday,22,10:00pm-10:59pm,26,26,0,This section IS NOT on the NHS,2,Urban,5,Major Collector,4,City or Municipal Highway Agency,6,Local Street - Municipality,DEVARGAS RD SW,,99998,Not Reported,35.05541389,35.05541389,-106.742233330,-106.742233330,0,No Special Jurisdiction,1,Rollover/Overturn,0,The First Harmful Event was Not a Collision with a Motor Vehicle in Transport,0,No,1,Non-Junction,1,Not an Intersection,0,None,,,3,On Median,3,Dark - Lighted,,,,,2,Rain,0,No,0000000,Not Applicable,99,Unknown,99,Unknown,99,Unknown EMS Scene Arrival Hour,99,Unknown EMS Scene Arrival Minutes,99,Unknown,99,Unknown EMS Hospital Arrival Time,,,,,,,1,0
2020,35,350197,New Mexico,1,1,0,0,0,1,1,35,OTERO (35),0,NOT APPLICABLE,25,25,7,July,2020,7,Saturday,21,9:00pm-9:59pm,0,0,0,This section IS NOT on the NHS,1,Rural,7,Local,2,County Highway Agency,4,County Road,CR-SUNSET DR,,99998,Not Reported,33.01589167,33.01589167,-105.857502780,-105.857502780,0,No Special Jurisdiction,35,Embankment,0,The First Harmful Event was Not a Collision with a Motor Vehicle in Transport,0,No,1,Non-Junction,1,Not an Intersection,0,None,,,4,On Roadside,5,Dusk,,,,,10,Cloudy,0,No,0000000,Not Applicable,99,Unknown,99,Unknown,99,Unknown EMS Scene Arrival Hour,99,Unknown EMS Scene Arrival Minutes,88,"Not Applicable (Not Transported) ",88,Not Applicable (Not Transported),,,,,,,1,1
2020,35,350198,New Mexico,2,2,0,0,0,3,3,49,SANTA FE (49),709,SANTA CRUZ,14,14,7,July,2020,3,Tuesday,5,5:00am-5:59am,0,0,1,This section IS ON the NHS,2,Urban,3,Principal Arterial - Other,1,State Highway Agency,3,State Highway,SR-599,SR-284,99998,Not Reported,35.63225000,35.63225000,-106.070927780,-106.070927780,0,No Special Jurisdiction,12,Motor Vehicle In-Transport,6,Angle,0,No,2,Intersection,2,Four-Way Intersection,0,None,,,1,On Roadway,3,Dark - Lighted,,,,,98,Not Reported,0,No,0000000,Not Applicable,99,Unknown,99,Unknown,99,Unknown EMS Scene Arrival Hour,99,Unknown EMS Scene Arrival Minutes,99,Unknown,99,Unknown EMS Hospital Arrival Time,,,,,,,2,0
2020,35,350199,New Mexico,2,2,0,0,0,3,3,9,CURRY (9),190,CLOVIS,20,20,7,July,2020,2,Monday,13,1:00pm-1:59pm,40,40,1,This section IS ON the NHS,2,Urban,3,Principal Arterial - Other,1,State Highway Agency,2,U.S. Highway,US-60,,99998,Not Reported,34.39566389,34.39566389,-103.168686110,-103.168686110,0,No Special Jurisdiction,12,Motor Vehicle In-Transport,2,Front-to-Front,0,No,1,Non-Junction,1,Not an Intersection,0,None,,,1,On Roadway,1,Daylight,,,,,1,Clear,0,No,0000000,Not Applicable,13,1:00pm-1:59pm,43,43,13,1:00pm-1:59pm,47,47,99,Unknown,99,Unknown EMS Hospital Arrival Time,,,,,,,2,1
2020,35,350200,New Mexico,1,1,0,0,0,1,1,1,BERNALILLO (1),30,ALBUQUERQUE,6,6,8,August,2020,5,Thursday,3,3:00am-3:59am,4,4,0,This section IS NOT on the NHS,2,Urban,3,Principal Arterial - Other,1,State Highway Agency,3,State Highway,SR-45,LAMONICA RD SW,99998,Not Reported,35.02414167,35.02414167,-106.714552780,-106.714552780,0,No Special Jurisdiction,46,Traffic Signal Support,0,The First Harmful Event was Not a Collision with a Motor Vehicle in Transport,0,No,3,Intersection-Related,3,T-Intersection,0,None,,,4,On Roadside,3,Dark - Lighted,,,,,1,Clear,0,No,0000000,Not Applicable,3,3:00am-3:59am,5,5,3,3:00am-3:59am,15,15,88,"Not Applicable (Not Transported) ",88,Not Applicable (Not Transported),,,,,,,1,0
2020,35,350201,New Mexico,2,1,1,1,1,1,1,15,EDDY (15),130,CARLSBAD,11,11,8,August,2020,3,Tuesday,12,12:00pm-12:59pm,5,5,0,This section IS NOT on the NHS,2,Urban,5,Major Collector,4,City or Municipal Highway Agency,6,Local Street - Municipality,HIDALDO RD,,99998,Not Reported,32.37041389,32.37041389,-104.241472220,-104.241472220,0,No Special Jurisdiction,8,Pedestrian,0,The First Harmful Event was Not a Collision with a Motor Vehicle in Transport,0,No,4,Driveway Access,1,Not an Intersection,0,None,,,1,On Roadway,1,Daylight,,,,,1,Clear,0,No,0000000,Not Applicable,99,Unknown,99,Unknown,99,Unknown EMS Scene Arrival Hour,99,Unknown EMS Scene Arrival Minutes,99,Unknown,99,Unknown EMS Hospital Arrival Time,,,,,,,1,0
2020,35,350202,New Mexico,1,1,0,0,0,1,1,49,SANTA FE (49),0,NOT APPLICABLE,9,9,8,August,2020,1,Sunday,17,5:00pm-5:59pm,2,2,0,This section IS NOT on the NHS,1,Rural,5,Major Collector,1,State Highway Agency,3,State Highway,SR-472,CR-16A,99998,Not Reported,35.14216667,35.14216667,-105.979866670,-105.979866670,0,No Special Jurisdiction,38,Fence,0,The First Harmful Event was Not a Collision with a Motor Vehicle in Transport,0,No,3,Intersection-Related,3,T-Intersection,0,None,,,5,Outside Trafficway,1,Daylight,,,,,1,Clear,0,No,0000000,Not Applicable,99,Unknown,99,Unknown,99,Unknown EMS Scene Arrival Hour,99,Unknown EMS Scene Arrival Minutes,88,"Not Applicable (Not Transported) ",88,Not Applicable (Not Transported),,,,,,,1,0
2020,35,350203,New Mexico,2,2,0,0,0,2,2,49,SANTA FE (49),710,SANTA FE,13,13,8,August,2020,5,Thursday,21,9:00pm-9:59pm,5,5,1,This section IS ON the NHS,2,Urban,3,Principal Arterial - Other,1,State Highway Agency,2,U.S. Highway,US-84,,99998,Not Reported,35.70546111,35.70546111,-105.944327780,-105.944327780,0,No Special Jurisdiction,1,Rollover/Overturn,0,The First Harmful Event was Not a Collision with a Motor Vehicle in Transport,0,No,1,Non-Junction,1,Not an Intersection,0,None,,,1,On Roadway,2,Dark - Not Lighted,,,,,1,Clear,0,No,0000000,Not Applicable,99,Unknown,99,Unknown,99,Unknown EMS Scene Arrival Hour,99,Unknown EMS Scene Arrival Minutes,88,"Not Applicable (Not Transported) ",88,Not Applicable (Not Transported),,,,,,,1,1
2020,35,350204,New Mexico,1,1,0,0,0,1,1,57,TORRANCE (57),0,NOT APPLICABLE,14,14,8,August,2020,6,Friday,7,7:00am-7:59am,16,16,0,This section IS NOT on the NHS,1,Rural,4,Minor Arterial,1,State Highway Agency,2,U.S. Highway,US-60,,99998,Not Reported,34.65539167,34.65539167,-105.830058330,-105.830058330,0,No Special Jurisdiction,35,Embankment,0,The First Harmful Event was Not a Collision with a Motor Vehicle in Transport,0,No,1,Non-Junction,1,Not an Intersection,0,None,,,4,On Roadside,1,Daylight,,,,,1,Clear,0,No,0000000,Not Applicable,7,7:00am-7:59am,53,53,8,8:00am-8:59am,23,23,99,Unknown,99,Unknown EMS Hospital Arrival Time,,,,,,,1,0
2020,35,350205,New Mexico,2,2,0,0,0,5,5,13,DONA ANA (13),470,LAS CRUCES,15,15,8,August,2020,7,Saturday,14,2:00pm-2:59pm,30,30,0,This section IS NOT on the NHS,2,Urban,3,Principal Arterial - Other,1,State Highway Agency,3,State Highway,SR-185,,99998,Not Reported,32.35461111,32.35461111,-106.820238890,-106.820238890,0,No Special Jurisdiction,12,Motor Vehicle In-Transport,2,Front-to-Front,0,No,1,Non-Junction,1,Not an Intersection,0,None,,,1,On Roadway,1,Daylight,,,,,1,Clear,0,No,0000000,Not Applicable,99,Unknown,99,Unknown,99,Unknown EMS Scene Arrival Hour,99,Unknown EMS Scene Arrival Minutes,99,Unknown,99,Unknown EMS Hospital Arrival Time,,,,,,,1,0
2020,35,350206,New Mexico,2,2,0,0,0,3,3,1,BERNALILLO (1),30,ALBUQUERQUE,9,9,8,August,2020,1,Sunday,22,10:00pm-10:59pm,8,8,1,This section IS ON the NHS,2,Urban,3,Principal Arterial - Other,1,State Highway Agency,3,State Highway,SR-45,BLUEWATER RD NW,99998,Not Reported,35.08627778,35.08627778,-106.710683330,-106.710683330,0,No Special Jurisdiction,12,Motor Vehicle In-Transport,6,Angle,0,No,2,Intersection,2,Four-Way Intersection,0,None,,,1,On Roadway,3,Dark - Lighted,,,,,1,Clear,0,No,0000000,Not Applicable,22,10:00pm-10:59pm,17,17,22,10:00pm-10:59pm,19,19,99,Unknown,99,Unknown EMS Hospital Arrival Time,,,,,,,1,0
2020,35,350207,New Mexico,1,1,0,0,0,1,1,5,CHAVES (5),0,NOT APPLICABLE,19,19,8,August,2020,4,Wednesday,17,5:00pm-5:59pm,50,50,1,This section IS ON the NHS,1,Rural,3,Principal Arterial - Other,1,State Highway Agency,2,U.S. Highway,US-70,,99998,Not Reported,33.64427222,33.64427222,-104.201308330,-104.201308330,0,No Special Jurisdiction,42,Tree (Standing Only),0,The First Harmful Event was Not a Collision with a Motor Vehicle in Transport,0,No,1,Non-Junction,1,Not an Intersection,0,None,,,4,On Roadside,1,Daylight,,,,,1,Clear,0,No,0000000,Not Applicable,99,Unknown,99,Unknown,99,Unknown EMS Scene Arrival Hour,99,Unknown EMS Scene Arrival Minutes,88,"Not Applicable (Not Transported) ",88,Not Applicable (Not Transported),,,,,,,1,0
2020,35,350208,New Mexico,2,2,0,0,0,3,3,1,BERNALILLO (1),30,ALBUQUERQUE,21,21,8,August,2020,6,Friday,1,1:00am-1:59am,26,26,1,This section IS ON the NHS,2,Urban,1,Interstate,1,State Highway Agency,1,Interstate,I-25,,99998,Not Reported,35.05966667,35.05966667,-106.638083330,-106.638083330,0,No Special Jurisdiction,12,Motor Vehicle In-Transport,2,Front-to-Front,0,No,1,Non-Junction,1,Not an Intersection,0,None,,,1,On Roadway,3,Dark - Lighted,,,,,1,Clear,0,No,0000000,Not Applicable,1,1:00am-1:59am,28,28,1,1:00am-1:59am,32,32,99,Unknown,99,Unknown EMS Hospital Arrival Time,,,,,,,2,1
2020,35,350209,New Mexico,1,1,0,0,0,2,2,53,SOCORRO (53),760,SOCORRO,21,21,8,August,2020,6,Friday,12,12:00pm-12:59pm,38,38,1,This section IS ON the NHS,2,Urban,1,Interstate,1,State Highway Agency,1,Interstate,I-25,,99998,Not Reported,34.07084444,34.07084444,-106.890322220,-106.890322220,0,No Special Jurisdiction,73,Object That Had Fallen From Motor Vehicle In-Transport,0,The First Harmful Event was Not a Collision with a Motor Vehicle in Transport,0,No,1,Non-Junction,1,Not an Intersection,1,Construction,,,1,On Roadway,1,Daylight,,,,,1,Clear,0,No,0000000,Not Applicable,99,Unknown,99,Unknown,99,Unknown EMS Scene Arrival Hour,99,Unknown EMS Scene Arrival Minutes,99,Unknown,99,Unknown EMS Hospital Arrival Time,,,,,,,1,0
2020,35,350210,New Mexico,1,1,0,0,0,2,2,55,TAOS (55),9997,Other,21,21,8,August,2020,6,Friday,2,2:00am-2:59am,9,9,0,This section IS NOT on the NHS,1,Rural,4,Minor Arterial,1,State Highway Agency,2,U.S. Highway,US-64,,99998,Not Reported,36.37705833,36.37705833,-105.540905560,-105.540905560,0,No Special Jurisdiction,42,Tree (Standing Only),0,The First Harmful Event was Not a Collision with a Motor Vehicle in Transport,0,No,1,Non-Junction,1,Not an Intersection,0,None,,,4,On Roadside,2,Dark - Not Lighted,,,,,1,Clear,0,No,0000000,Not Applicable,2,2:00am-2:59am,10,10,2,2:00am-2:59am,14,14,99,Unknown,99,Unknown EMS Hospital Arrival Time,,,,,,,1,1
2020,35,350211,New Mexico,2,2,0,0,0,3,3,61,VALENCIA (61),530,LOS LUNAS,28,28,8,August,2020,6,Friday,21,9:00pm-9:59pm,43,43,0,This section IS NOT on the NHS,2,Urban,3,Principal Arterial - Other,1,State Highway Agency,3,State Highway,SR-314,,99998,Not Reported,34.79694444,34.79694444,-106.738069440,-106.738069440,0,No Special Jurisdiction,12,Motor Vehicle In-Transport,2,Front-to-Front,0,No,1,Non-Junction,1,Not an Intersection,0,None,,,1,On Roadway,3,Dark - Lighted,,,,,1,Clear,0,No,0000000,Not Applicable,99,Unknown,99,Unknown,99,Unknown EMS Scene Arrival Hour,99,Unknown EMS Scene Arrival Minutes,99,Unknown,99,Unknown EMS Hospital Arrival Time,,,,,,,1,1
2020,35,350212,New Mexico,1,1,0,0,0,1,1,53,SOCORRO (53),0,NOT APPLICABLE,15,15,8,August,2020,7,Saturday,3,3:00am-3:59am,43,43,1,This section IS ON the NHS,1,Rural,1,Interstate,1,State Highway Agency,1,Interstate,I-25,,99998,Not Reported,34.54129722,34.54129722,-106.798327780,-106.798327780,0,No Special Jurisdiction,1,Rollover/Overturn,0,The First Harmful Event was Not a Collision with a Motor Vehicle in Transport,0,No,1,Non-Junction,1,Not an Intersection,0,None,,,4,On Roadside,2,Dark - Not Lighted,,,,,1,Clear,0,No,0000000,Not Applicable,3,3:00am-3:59am,7,7,3,3:00am-3:59am,53,53,99,Unknown,99,Unknown EMS Hospital Arrival Time,,,,,,,1,0
2020,35,350213,New Mexico,1,1,0,1,1,1,1,25,LEA (25),550,LOVINGTON,28,28,8,August,2020,6,Friday,6,6:00am-6:59am,1,1,0,This section IS NOT on the NHS,2,Urban,7,Local,4,City or Municipal Highway Agency,6,Local Street - Municipality,LOVE ST,TYLER AVE,99998,Not Reported,32.95748889,32.95748889,-103.347355560,-103.347355560,0,No Special Jurisdiction,9,Pedalcyclist,0,The First Harmful Event was Not a Collision with a Motor Vehicle in Transport,0,No,2,Intersection,3,T-Intersection,0,None,,,1,On Roadway,3,Dark - Lighted,,,,,1,Clear,0,No,0000000,Not Applicable,6,6:00am-6:59am,4,4,6,6:00am-6:59am,5,5,99,Unknown,99,Unknown EMS Hospital Arrival Time,,,,,,,1,0
2020,35,350214,New Mexico,1,1,0,0,0,3,3,53,SOCORRO (53),0,NOT APPLICABLE,27,27,8,August,2020,5,Thursday,6,6:00am-6:59am,4,4,1,This section IS ON the NHS,1,Rural,1,Interstate,1,State Highway Agency,1,Interstate,I-25,,99998,Not Reported,34.54205000,34.54205000,-106.798458330,-106.798458330,0,No Special Jurisdiction,1,Rollover/Overturn,0,The First Harmful Event was Not a Collision with a Motor Vehicle in Transport,0,No,1,Non-Junction,1,Not an Intersection,0,None,,,4,On Roadside,4,Dawn,,,,,1,Clear,0,No,0000000,Not Applicable,6,6:00am-6:59am,7,7,6,6:00am-6:59am,34,34,99,Unknown,99,Unknown EMS Hospital Arrival Time,,,,,,,1,0
2020,35,350215,New Mexico,1,1,0,0,0,3,3,23,HIDALGO (23),0,NOT APPLICABLE,30,30,8,August,2020,1,Sunday,13,1:00pm-1:59pm,37,37,1,This section IS ON the NHS,1,Rural,1,Interstate,1,State Highway Agency,1,Interstate,I-10,,99998,Not Reported,32.22665278,32.22665278,-109.046119440,-109.046119440,0,No Special Jurisdiction,1,Rollover/Overturn,0,The First Harmful Event was Not a Collision with a Motor Vehicle in Transport,0,No,1,Non-Junction,1,Not an Intersection,0,None,,,5,Outside Trafficway,1,Daylight,,,,,1,Clear,0,No,0000000,Not Applicable,99,Unknown,99,Unknown,99,Unknown EMS Scene Arrival Hour,99,Unknown EMS Scene Arrival Minutes,99,Unknown,99,Unknown EMS Hospital Arrival Time,,,,,,,1,0
2020,35,350216,New Mexico,2,2,0,2,2,2,2,39,RIO ARRIBA (39),280,ESPANOLA,2,2,8,August,2020,1,Sunday,20,8:00pm-8:59pm,38,38,0,This section IS NOT on the NHS,2,Urban,3,Principal Arterial - Other,1,State Highway Agency,3,State Highway,SR-68,CALLE RANCHITOS,99998,Not Reported,36.01683611,36.01683611,-106.064302780,-106.064302780,0,No Special Jurisdiction,8,Pedestrian,0,The First Harmful Event was Not a Collision with a Motor Vehicle in Transport,0,No,2,Intersection,3,T-Intersection,0,None,,,1,On Roadway,2,Dark - Not Lighted,,,,,1,Clear,0,No,0000000,Not Applicable,20,8:00pm-8:59pm,39,39,20,8:00pm-8:59pm,41,41,99,Unknown,99,Unknown EMS Hospital Arrival Time,,,,,,,2,0
2020,35,350217,New Mexico,1,1,0,0,0,1,1,1,BERNALILLO (1),30,ALBUQUERQUE,7,7,8,August,2020,6,Friday,23,11:00pm-11:59pm,28,28,1,This section IS ON the NHS,2,Urban,3,Principal Arterial - Other,1,State Highway Agency,3,State Highway,SR-423,,99998,Not Reported,35.17466389,35.17466389,-106.531763890,-106.531763890,0,No Special Jurisdiction,1,Rollover/Overturn,0,The First Harmful Event was Not a Collision with a Motor Vehicle in Transport,0,No,1,Non-Junction,1,Not an Intersection,0,None,,,1,On Roadway,2,Dark - Not Lighted,,,,,1,Clear,0,No,0000000,Not Applicable,99,Unknown,99,Unknown,99,Unknown EMS Scene Arrival Hour,99,Unknown EMS Scene Arrival Minutes,88,"Not Applicable (Not Transported) ",88,Not Applicable (Not Transported),,,,,,,1,1
2020,35,350218,New Mexico,2,2,0,0,0,2,2,1,BERNALILLO (1),30,ALBUQUERQUE,7,7,8,August,2020,6,Friday,8,8:00am-8:59am,15,15,1,This section IS ON the NHS,2,Urban,3,Principal Arterial - Other,1,State Highway Agency,3,State Highway,SR-45,DELLYNE AVE NW,99998,Not Reported,35.14498056,35.14498056,-106.692655560,-106.692655560,0,No Special Jurisdiction,12,Motor Vehicle In-Transport,6,Angle,0,No,2,Intersection,2,Four-Way Intersection,0,None,,,1,On Roadway,1,Daylight,,,,,1,Clear,0,No,0000000,Not Applicable,99,Unknown,99,Unknown,99,Unknown EMS Scene Arrival Hour,99,Unknown EMS Scene Arrival Minutes,99,Unknown,99,Unknown EMS Hospital Arrival Time,,,,,,,1,0
2020,35,350219,New Mexico,1,1,0,0,0,1,1,39,RIO ARRIBA (39),0,NOT APPLICABLE,15,15,8,August,2020,7,Saturday,17,5:00pm-5:59pm,33,33,0,This section IS NOT on the NHS,6,Trafficway Not in State Inventory,96,Trafficway Not in State Inventory,96,Trafficway Not in State Inventory,9,Unknown,PRAIRIE DOG TRAIL,,99998,Not Reported,36.10094722,36.10094722,-106.038363890,-106.038363890,3,Indian Reservation,1,Rollover/Overturn,0,The First Harmful Event was Not a Collision with a Motor Vehicle in Transport,0,No,1,Non-Junction,1,Not an Intersection,0,None,,,1,On Roadway,1,Daylight,,,,,1,Clear,0,No,0000000,Not Applicable,17,5:00pm-5:59pm,33,33,17,5:00pm-5:59pm,43,43,99,Unknown,99,Unknown EMS Hospital Arrival Time,,,,,,,1,0
2020,35,350220,New Mexico,3,3,0,0,0,6,6,45,SAN JUAN (45),115,BLOOMFIELD,17,17,8,August,2020,2,Monday,19,7:00pm-7:59pm,59,59,0,This section IS NOT on the NHS,2,Urban,4,Minor Arterial,1,State Highway Agency,2,U.S. Highway,US-64,,99998,Not Reported,36.71128056,36.71128056,-107.965105560,-107.965105560,0,No Special Jurisdiction,12,Motor Vehicle In-Transport,6,Angle,0,No,8,Driveway Access Related,1,Not an Intersection,0,None,,,1,On Roadway,1,Daylight,,,,,1,Clear,0,No,0000000,Not Applicable,99,Unknown,99,Unknown,99,Unknown EMS Scene Arrival Hour,99,Unknown EMS Scene Arrival Minutes,99,Unknown,99,Unknown EMS Hospital Arrival Time,,,,,,,1,0
2020,35,350221,New Mexico,3,2,1,0,0,2,2,1,BERNALILLO (1),30,ALBUQUERQUE,29,29,8,August,2020,7,Saturday,20,8:00pm-8:59pm,56,56,1,This section IS ON the NHS,1,Rural,1,Interstate,1,State Highway Agency,1,Interstate,I-40,,99998,Not Reported,35.01377222,35.01377222,-107.017908330,-107.017908330,0,No Special Jurisdiction,12,Motor Vehicle In-Transport,1,Front-to-Rear,0,No,1,Non-Junction,1,Not an Intersection,0,None,,,1,On Roadway,1,Daylight,,,,,1,Clear,0,No,0000000,Not Applicable,99,Unknown,99,Unknown,99,Unknown EMS Scene Arrival Hour,99,Unknown EMS Scene Arrival Minutes,88,"Not Applicable (Not Transported) ",88,Not Applicable (Not Transported),,,,,,,1,0
2020,35,350222,New Mexico,1,1,0,0,0,1,1,49,SANTA FE (49),261,EDGEWOOD,30,30,8,August,2020,1,Sunday,18,6:00pm-6:59pm,30,30,0,This section IS NOT on the NHS,1,Rural,4,Minor Arterial,1,State Highway Agency,3,State Highway,SR-333,,99998,Not Reported,35.04742222,35.04742222,-106.156850000,-106.156850000,0,No Special Jurisdiction,1,Rollover/Overturn,0,The First Harmful Event was Not a Collision with a Motor Vehicle in Transport,0,No,1,Non-Junction,1,Not an Intersection,0,None,,,4,On Roadside,1,Daylight,,,,,1,Clear,0,No,0000000,Not Applicable,99,Unknown,99,Unknown,99,Unknown EMS Scene Arrival Hour,99,Unknown EMS Scene Arrival Minutes,99,Unknown,99,Unknown EMS Hospital Arrival Time,,,,,,,1,1