caseyear,state,st_case,statename,ve_total,ve_forms,pvh_invl,peds,pernotmvit,permvit,persons,county,countyname,city,cityname,day,dayname,month,monthname,year,day_week,day_weekname,hour,hourname,minute,minutename,nhs,nhsname,rur_urb,rur_urbname,func_sys,func_sysname,rd_owner,rd_ownername,route,routename,tway_id,tway_id2,milept,mileptname,latitude,latitudename,longitud,longitudname,sp_jur,sp_jurname,harm_ev,harm_evname,man_coll,man_collname,reljct1,reljct1name,reljct2,reljct2name,typ_int,typ_intname,wrk_zone,wrk_zonename,road_fnc,road_fncname,rel_road,rel_roadname,lgt_cond,lgt_condname,weather1,weather1name,weather2,weather2name,weather,weathername,sch_bus,sch_busname,rail,railname,not_hour,not_hourname,not_min,not_minname,arr_hour,arr_hourname,arr_min,arr_minname,hosp_hr,hosp_hrname,hosp_mn,hosp_mnname,cf1,cf1name,cf2,cf2name,cf3,cf3name,fatals,drunk_dr
2022,35,350210,New Mexico,1,1,0,1,1,1,1,1,BERNALILLO (1),30,ALBUQUERQUE,9,9,7,July,2022,7,Saturday,8,8:00am-8:59am,54,54,0,This section IS NOT on the NHS,2,Urban,3,Principal Arterial - Other,4,City or Municipal Highway Agency,6,Local Street - Municipality,UNSER BLVD,KIMMICK DR,99998,Not Reported,35.17027500,35.17027500,-106.721336110,-106.72133611,0,No Special Jurisdiction,9,Pedalcyclist,0,The First Harmful Event was Not a Collision with a Motor Vehicle in Transport,0,No,3,Intersection-Related,3,T-Intersection,0,None,,,4,On Roadside,1,Daylight,,,,,1,Clear,0,No,0000000,Not Applicable,99,Unknown,99,Unknown,99,Unknown EMS Scene Arrival Hour,99,Unknown EMS Scene Arrival Minutes,99,Unknown,99,Unknown EMS Hospital Arrival Time,,,,,,,1,
2022,35,350211,New Mexico,1,1,0,1,1,1,1,1,BERNALILLO (1),30,ALBUQUERQUE,4,4,7,July,2022,2,Monday,18,6:00pm-6:59pm,26,26,0,This section IS NOT on the NHS,2,Urban,3,Principal Arterial - Other,4,City or Municipal Highway Agency,6,Local Street - Municipality,CENTRAL AVE,LOUISIANA BLVD,99998,Not Reported,35.07597222,35.07597222,-106.568733330,-106.56873333,0,No Special Jurisdiction,8,Pedestrian,0,The First Harmful Event was Not a Collision with a Motor Vehicle in Transport,0,No,3,Intersection-Related,2,Four-Way Intersection,0,None,,,1,On Roadway,1,Daylight,,,,,1,Clear,0,No,0000000,Not Applicable,99,Unknown,99,Unknown,99,Unknown EMS Scene Arrival Hour,99,Unknown EMS Scene Arrival Minutes,99,Unknown,99,Unknown EMS Hospital Arrival Time,,,,,,,1,
2022,35,350212,New Mexico,2,2,0,0,0,5,5,1,BERNALILLO (1),30,ALBUQUERQUE,22,22,7,July,2022,6,Friday,20,8:00pm-8:59pm,38,38,0,This section IS NOT on the NHS,2,Urban,3,Principal Arterial - Other,4,City or Municipal Highway Agency,6,Local Street - Municipality,EUBANK BLVD,VAN CHRISTOPHER DR,99998,Not Reported,35.13764444,35.13764444,-106.533247220,-106.53324722,0,No Special Jurisdiction,12,Motor Vehicle In-Transport,6,Angle,0,No,2,Intersection,3,T-Intersection,0,None,,,1,On Roadway,5,Dusk,,,,,1,Clear,0,No,0000000,Not Applicable,99,Unknown,99,Unknown,99,Unknown EMS Scene Arrival Hour,99,Unknown EMS Scene Arrival Minutes,99,Unknown,99,Unknown EMS Hospital Arrival Time,,,,,,,1,
2022,35,350213,New Mexico,2,2,0,0,0,2,2,25,LEA (25),410,HOBBS,23,23,7,July,2022,7,Saturday,21,9:00pm-9:59pm,58,58,0,This section IS NOT on the NHS,1,Rural,4,Minor Arterial,4,City or Municipal Highway Agency,6,Local Street - Municipality,CR-S WEST COUNTY RD,,99998,Not Reported,32.68386111,32.68386111,-103.179344440,-103.17934444,0,No Special Jurisdiction,12,Motor Vehicle In-Transport,1,Front-to-Rear,0,No,1,Non-Junction,1,Not an Intersection,0,None,,,1,On Roadway,2,Dark - Not Lighted,,,,,1,Clear,0,No,0000000,Not Applicable,99,Unknown,99,Unknown,99,Unknown EMS Scene Arrival Hour,99,Unknown EMS Scene Arrival Minutes,99,Unknown,99,Unknown EMS Hospital Arrival Time,,,,,,,1,
2022,35,350214,New Mexico,1,1,0,0,0,1,1,41,ROOSEVELT (41),0,NOT APPLICABLE,23,23,7,July,2022,7,Saturday,18,6:00pm-6:59pm,9,9,0,This section IS NOT on the NHS,1,Rural,5,Major Collector,1,State Highway Agency,3,State Highway,SR-114,,99998,Not Reported,33.93799167,33.93799167,-103.177319440,-103.17731944,0,No Special Jurisdiction,1,Rollover/Overturn,0,The First Harmful Event was Not a Collision with a Motor Vehicle in Transport,0,No,1,Non-Junction,1,Not an Intersection,0,None,,,4,On Roadside,1,Daylight,,,,,1,Clear,0,No,0000000,Not Applicable,99,Unknown,99,Unknown,99,Unknown EMS Scene Arrival Hour,99,Unknown EMS Scene Arrival Minutes,88,"Not Applicable (Not Transported) ",88,Not Applicable (Not Transported),,,,,,,1,
2022,35,350215,New Mexico,1,1,0,0,0,2,2,39,RIO ARRIBA (39),0,NOT APPLICABLE,23,23,7,July,2022,7,Saturday,22,10:00pm-10:59pm,5,5,0,This section IS NOT on the NHS,1,Rural,4,Minor Arterial,1,State Highway Agency,2,U.S. Highway,US-84,,99998,Not Reported,36.23454444,36.23454444,-106.398622220,-106.39862222,0,No Special Jurisdiction,1,Rollover/Overturn,0,The First Harmful Event was Not a Collision with a Motor Vehicle in Transport,0,No,1,Non-Junction,1,Not an Intersection,0,None,,,4,On Roadside,2,Dark - Not Lighted,,,,,1,Clear,0,No,0000000,Not Applicable,99,Unknown,99,Unknown,99,Unknown EMS Scene Arrival Hour,99,Unknown EMS Scene Arrival Minutes,99,Unknown,99,Unknown EMS Hospital Arrival Time,,,,,,,1,
2022,35,350216,New Mexico,2,2,0,0,0,4,4,19,GUADALUPE (19),0,NOT APPLICABLE,25,25,7,July,2022,2,Monday,8,8:00am-8:59am,39,39,1,This section IS ON the NHS,1,Rural,1,Interstate,1,State Highway Agency,1,Interstate,I-40,,99998,Not Reported,35.04571944,35.04571944,-104.380502780,-104.38050278,0,No Special Jurisdiction,12,Motor Vehicle In-Transport,2,Front-to-Front,0,No,1,Non-Junction,1,Not an Intersection,0,None,,,1,On Roadway,1,Daylight,,,,,1,Clear,0,No,0000000,Not Applicable,99,Unknown,99,Unknown,99,Unknown EMS Scene Arrival Hour,99,Unknown EMS Scene Arrival Minutes,99,Unknown,99,Unknown EMS Hospital Arrival Time,,,,,,,2,
2022,35,350217,New Mexico,1,1,0,0,0,13,13,13,DONA ANA (13),775,SUNLAND PARK,27,27,7,July,2022,4,Wednesday,5,5:00am-5:59am,4,4,0,This section IS NOT on the NHS,2,Urban,5,Major Collector,2,County Highway Agency,4,County Road,CR-AIRPORT RD,,99998,Not Reported,31.86311667,31.86311667,-106.645808330,-106.64580833,0,No Special Jurisdiction,30,Utility Pole/Light Support,0,The First Harmful Event was Not a Collision with a Motor Vehicle in Transport,0,No,1,Non-Junction,1,Not an Intersection,0,None,,,4,On Roadside,3,Dark - Lighted,,,,,1,Clear,0,No,0000000,Not Applicable,99,Unknown,99,Unknown,99,Unknown EMS Scene Arrival Hour,99,Unknown EMS Scene Arrival Minutes,99,Unknown,99,Unknown EMS Hospital Arrival Time,,,,,,,2,
2022,35,350218,New Mexico,2,2,0,0,0,2,2,1,BERNALILLO (1),30,ALBUQUERQUE,14,14,7,July,2022,5,Thursday,11,11:00am-11:59am,37,37,1,This section IS ON the NHS,2,Urban,3,Principal Arterial - Other,1,State Highway Agency,3,State Highway,SR-45,BLUEWATER RD NW,99998,Not Reported,35.08630556,35.08630556,-106.710841670,-106.71084167,0,No Special Jurisdiction,12,Motor Vehicle In-Transport,6,Angle,0,No,2,Intersection,2,Four-Way Intersection,0,None,,,1,On Roadway,1,Daylight,,,,,1,Clear,0,No,0000000,Not Applicable,99,Unknown,99,Unknown,99,Unknown EMS Scene Arrival Hour,99,Unknown EMS Scene Arrival Minutes,99,Unknown,99,Unknown EMS Hospital Arrival Time,,,,,,,1,
2022,35,350219,New Mexico,2,2,0,0,0,3,3,15,EDDY (15),0,NOT APPLICABLE,29,29,7,July,2022,6,Friday,7,7:00am-7:59am,19,19,1,This section IS ON the NHS,1,Rural,3,Principal Arterial - Other,1,State Highway Agency,2,U.S. Highway,US-285,SR-31,99998,Not Reported,32.31259444,32.31259444,-104.121961110,-104.12196111,0,No Special Jurisdiction,12,Motor Vehicle In-Transport,6,Angle,0,No,2,Intersection,2,Four-Way Intersection,0,None,,,1,On Roadway,1,Daylight,,,,,1,Clear,0,No,0000000,Not Applicable,99,Unknown,99,Unknown,99,Unknown EMS Scene Arrival Hour,99,Unknown EMS Scene Arrival Minutes,99,Unknown,99,Unknown EMS Hospital Arrival Time,,,,,,,1,
2022,35,350220,New Mexico,1,1,0,0,0,5,5,31,MCKINLEY (31),638,PINEDALE,29,29,7,July,2022,6,Friday,20,8:00pm-8:59pm,44,44,0,This section IS NOT on the NHS,1,Rural,6,Minor Collector,62,Bureau of Indian Affairs,4,County Road,"CR-NAVAJO SERVICE ROUTE 49 ",,99998,Not Reported,35.61393889,35.61393889,-108.515133330,-108.51513333,3,Indian Reservation,1,Rollover/Overturn,0,The First Harmful Event was Not a Collision with a Motor Vehicle in Transport,0,No,1,Non-Junction,1,Not an Intersection,0,None,,,4,On Roadside,2,Dark - Not Lighted,,,,,2,Rain,0,No,0000000,Not Applicable,99,Unknown,99,Unknown,99,Unknown EMS Scene Arrival Hour,99,Unknown EMS Scene Arrival Minutes,99,Unknown,99,Unknown EMS Hospital Arrival Time,,,,,,,1,
2022,35,350221,New Mexico,1,1,0,1,1,2,2,31,MCKINLEY (31),9997,Other,24,24,7,July,2022,1,Sunday,0,0:00am-0:59am,17,17,0,This section IS NOT on the NHS,2,Urban,3,Principal Arterial - Other,1,State Highway Agency,3,State Highway,SR-118,,99998,Not Reported,35.53122500,35.53122500,-108.622375000,-108.62237500,0,No Special Jurisdiction,8,Pedestrian,0,The First Harmful Event was Not a Collision with a Motor Vehicle in Transport,0,No,1,Non-Junction,1,Not an Intersection,0,None,,,1,On Roadway,2,Dark - Not Lighted,,,,,2,Rain,0,No,0000000,Not Applicable,99,Unknown,99,Unknown,99,Unknown EMS Scene Arrival Hour,99,Unknown EMS Scene Arrival Minutes,99,Unknown,99,Unknown EMS Hospital Arrival Time,,,,,,,1,
2022,35,350222,New Mexico,1,1,0,0,0,2,2,13,DONA ANA (13),470,LAS CRUCES,30,30,7,July,2022,7,Saturday,10,10:00am-10:59am,9,9,1,This section IS ON the NHS,2,Urban,2,Principal Arterial - Other Freeways and Expressways,1,State Highway Agency,2,U.S. Highway,"US-70 RAMP ",,99998,Not Reported,32.42128056,32.42128056,-106.611216670,-106.61121667,0,No Special Jurisdiction,1,Rollover/Overturn,0,The First Harmful Event was Not a Collision with a Motor Vehicle in Transport,1,Yes,5,Entrance/Exit Ramp Related,1,Not an Intersection,0,None,,,4,On Roadside,1,Daylight,,,,,1,Clear,0,No,0000000,Not Applicable,99,Unknown,99,Unknown,99,Unknown EMS Scene Arrival Hour,99,Unknown EMS Scene Arrival Minutes,99,Unknown,99,Unknown EMS Hospital Arrival Time,,,,,,,1,
2022,35,350223,New Mexico,2,2,0,0,0,2,2,15,EDDY (15),0,NOT APPLICABLE,29,29,7,July,2022,6,Friday,3,3:00am-3:59am,47,47,0,This section IS NOT on the NHS,1,Rural,7,Local,2,County Highway Agency,4,County Road,CR-786,,99998,Not Reported,32.16721667,32.16721667,-103.824741670,-103.82474167,0,No Special Jurisdiction,12,Motor Vehicle In-Transport,2,Front-to-Front,0,No,1,Non-Junction,1,Not an Intersection,0,None,,,1,On Roadway,2,Dark - Not Lighted,,,,,1,Clear,0,No,0000000,Not Applicable,99,Unknown,99,Unknown,99,Unknown EMS Scene Arrival Hour,99,Unknown EMS Scene Arrival Minutes,88,"Not Applicable (Not Transported) ",88,Not Applicable (Not Transported),,,,,,,2,
2022,35,350224,New Mexico,1,1,0,0,0,1,1,49,SANTA FE (49),710,SANTA FE,17,17,7,July,2022,1,Sunday,19,7:00pm-7:59pm,10,10,0,This section IS NOT on the NHS,2,Urban,4,Minor Arterial,4,City or Municipal Highway Agency,6,Local Street - Municipality,PASEO DE PERALTA,,99998,Not Reported,35.68183056,35.68183056,-105.946819440,-105.94681944,0,No Special Jurisdiction,33,Curb,0,The First Harmful Event was Not a Collision with a Motor Vehicle in Transport,0,No,1,Non-Junction,1,Not an Intersection,0,None,,,4,On Roadside,1,Daylight,,,,,1,Clear,0,No,0000000,Not Applicable,99,Unknown,99,Unknown,99,Unknown EMS Scene Arrival Hour,99,Unknown EMS Scene Arrival Minutes,99,Unknown,99,Unknown EMS Hospital Arrival Time,,,,,,,1,
2022,35,350225,New Mexico,6,6,0,0,0,6,6,1,BERNALILLO (1),30,ALBUQUERQUE,21,21,7,July,2022,5,Thursday,9,9:00am-9:59am,51,51,1,This section IS ON the NHS,2,Urban,3,Principal Arterial - Other,4,City or Municipal Highway Agency,6,Local Street - Municipality,YALE BLVD,GIBSON BLVD,99998,Not Reported,35.05840278,35.05840278,-106.622055560,-106.62205556,0,No Special Jurisdiction,12,Motor Vehicle In-Transport,2,Front-to-Front,0,No,2,Intersection,2,Four-Way Intersection,0,None,,,1,On Roadway,1,Daylight,,,,,1,Clear,0,No,0000000,Not Applicable,99,Unknown,99,Unknown,99,Unknown EMS Scene Arrival Hour,99,Unknown EMS Scene Arrival Minutes,99,Unknown,99,Unknown EMS Hospital Arrival Time,,,,,,,2,
2022,35,350226,New Mexico,1,1,0,0,0,2,2,39,RIO ARRIBA (39),0,NOT APPLICABLE,21,21,7,July,2022,5,Thursday,14,2:00pm-2:59pm,7,7,0,This section IS NOT on the NHS,1,Rural,4,Minor Arterial,1,State Highway Agency,2,U.S. Highway,US-64,,99998,Not Reported,36.71266111,36.71266111,-107.288280560,-107.28828056,0,No Special Jurisdiction,34,Ditch,0,The First Harmful Event was Not a Collision with a Motor Vehicle in Transport,0,No,1,Non-Junction,1,Not an Intersection,0,None,,,4,On Roadside,9,Reported as Unknown,,,,,98,Not Reported,0,No,0000000,Not Applicable,99,Unknown,99,Unknown,99,Unknown EMS Scene Arrival Hour,99,Unknown EMS Scene Arrival Minutes,88,"Not Applicable (Not Transported) ",88,Not Applicable (Not Transported),,,,,,,2,
2022,35,350227,New Mexico,4,4,0,0,0,8,8,6,CIBOLA (6),360,GRANTS,20,20,7,July,2022,4,Wednesday,21,9:00pm-9:59pm,24,24,0,This section IS NOT on the NHS,2,Urban,7,Local,4,City or Municipal Highway Agency,6,Local Street - Municipality,ROOSEVELT AVE,,99998,Not Reported,35.16116389,35.16116389,-107.825666670,-107.82566667,0,No Special Jurisdiction,12,Motor Vehicle In-Transport,6,Angle,0,No,8,Driveway Access Related,1,Not an Intersection,0,None,,,1,On Roadway,3,Dark - Lighted,,,,,1,Clear,0,No,0000000,Not Applicable,99,Unknown,99,Unknown,99,Unknown EMS Scene Arrival Hour,99,Unknown EMS Scene Arrival Minutes,99,Unknown,99,Unknown EMS Hospital Arrival Time,,,,,,,2,
2022,35,350228,New Mexico,1,1,0,1,1,2,2,55,TAOS (55),689,SAN CRISTOBAL,19,19,6,June,2022,1,Sunday,21,9:00pm-9:59pm,20,20,0,This section IS NOT on the NHS,1,Rural,4,Minor Arterial,1,State Highway Agency,3,State Highway,SR-522,,99998,Not Reported,36.57844167,36.57844167,-105.667208330,-105.66720833,0,No Special Jurisdiction,8,Pedestrian,0,The First Harmful Event was Not a Collision with a Motor Vehicle in Transport,0,No,1,Non-Junction,1,Not an Intersection,0,None,,,1,On Roadway,2,Dark - Not Lighted,,,,,1,Clear,0,No,0000000,Not Applicable,99,Unknown,99,Unknown,99,Unknown EMS Scene Arrival Hour,99,Unknown EMS Scene Arrival Minutes,88,"Not Applicable (Not Transported) ",88,Not Applicable (Not Transported),,,,,,,1,
2022,35,350229,New Mexico,1,1,0,0,0,1,1,53,SOCORRO (53),760,SOCORRO,1,1,8,August,2022,2,Monday,22,10:00pm-10:59pm,22,22,1,This section IS ON the NHS,1,Rural,1,Interstate,1,State Highway Agency,1,Interstate,I-25,,99998,Not Reported,34.51617778,34.51617778,-106.806227780,-106.80622778,0,No Special Jurisdiction,1,Rollover/Overturn,0,The First Harmful Event was Not a Collision with a Motor Vehicle in Transport,0,No,1,Non-Junction,1,Not an Intersection,0,None,,,4,On Roadside,6,Dark - Unknown Lighting,,,,,1,Clear,0,No,0000000,Not Applicable,99,Unknown,99,Unknown,99,Unknown EMS Scene Arrival Hour,99,Unknown EMS Scene Arrival Minutes,88,"Not Applicable (Not Transported) ",88,Not Applicable (Not Transported),,,,,,,1,
2022,35,350230,New Mexico,1,1,0,0,0,1,1,47,SAN MIGUEL (47),0,NOT APPLICABLE,1,1,8,August,2022,2,Monday,21,9:00pm-9:59pm,21,21,0,This section IS NOT on the NHS,1,Rural,5,Major Collector,1,State Highway Agency,3,State Highway,SR-104,,99998,Not Reported,35.25205000,35.25205000,-103.816680560,-103.81668056,0,No Special Jurisdiction,11,Live Animal,0,The First Harmful Event was Not a Collision with a Motor Vehicle in Transport,0,No,1,Non-Junction,1,Not an Intersection,0,None,,,1,On Roadway,2,Dark - Not Lighted,,,,,1,Clear,0,No,0000000,Not Applicable,99,Unknown,99,Unknown,99,Unknown EMS Scene Arrival Hour,99,Unknown EMS Scene Arrival Minutes,99,Unknown,99,Unknown EMS Hospital Arrival Time,,,,,,,1,
2022,35,350231,New Mexico,2,2,0,0,0,12,12,6,CIBOLA (6),0,NOT APPLICABLE,2,2,8,August,2022,3,Tuesday,5,5:00am-5:59am,12,12,1,This section IS ON the NHS,2,Urban,1,Interstate,1,State Highway Agency,1,Interstate,I-40,,99998,Not Reported,35.18710278,35.18710278,-107.904261110,-107.90426111,0,No Special Jurisdiction,12,Motor Vehicle In-Transport,1,Front-to-Rear,0,No,1,Non-Junction,1,Not an Intersection,0,None,,,1,On Roadway,1,Daylight,,,,,1,Clear,0,No,0000000,Not Applicable,99,Unknown,99,Unknown,99,Unknown EMS Scene Arrival Hour,99,Unknown EMS Scene Arrival Minutes,99,Unknown,99,Unknown EMS Hospital Arrival Time,,,,,,,1,
2022,35,350232,New Mexico,1,1,0,1,1,1,1,1,BERNALILLO (1),30,ALBUQUERQUE,3,3,8,August,2022,4,Wednesday,5,5:00am-5:59am,7,7,1,This section IS ON the NHS,2,Urban,1,Interstate,1,State Highway Agency,1,Interstate,I-40,,99998,Not Reported,35.10423333,35.10423333,-106.597344440,-106.59734444,0,No Special Jurisdiction,8,Pedestrian,0,The First Harmful Event was Not a Collision with a Motor Vehicle in Transport,0,No,1,Non-Junction,1,Not an Intersection,0,None,,,1,On Roadway,3,Dark - Lighted,,,,,1,Clear,0,No,0000000,Not Applicable,99,Unknown,99,Unknown,99,Unknown EMS Scene Arrival Hour,99,Unknown EMS Scene Arrival Minutes,88,"Not Applicable (Not Transported) ",88,Not Applicable (Not Transported),,,,,,,1,
2022,35,350233,New Mexico,1,1,0,0,0,3,3,7,COLFAX (7),0,NOT APPLICABLE,3,3,8,August,2022,4,Wednesday,11,11:00am-11:59am,9,9,1,This section IS ON the NHS,1,Rural,1,Interstate,1,State Highway Agency,1,Interstate,I-25,,99998,Not Reported,36.70430833,36.70430833,-104.480430560,-104.48043056,0,No Special Jurisdiction,24,Guardrail Face,0,The First Harmful Event was Not a Collision with a Motor Vehicle in Transport,0,No,1,Non-Junction,1,Not an Intersection,0,None,,,4,On Roadside,1,Daylight,,,,,1,Clear,0,No,0000000,Not Applicable,99,Unknown,99,Unknown,99,Unknown EMS Scene Arrival Hour,99,Unknown EMS Scene Arrival Minutes,99,Unknown,99,Unknown EMS Hospital Arrival Time,,,,,,,1,
2022,35,350234,New Mexico,1,1,0,0,0,1,1,17,GRANT (17),750,SILVER CITY,6,6,8,August,2022,7,Saturday,19,7:00pm-7:59pm,6,6,0,This section IS NOT on the NHS,2,Urban,5,Major Collector,4,City or Municipal Highway Agency,6,Local Street - Municipality,"ROSEDALE RD ",,99998,Not Reported,32.78082500,32.78082500,-108.251730560,-108.25173056,0,No Special Jurisdiction,42,Tree (Standing Only),0,The First Harmful Event was Not a Collision with a Motor Vehicle in Transport,0,No,1,Non-Junction,1,Not an Intersection,0,None,,,4,On Roadside,1,Daylight,,,,,1,Clear,0,No,0000000,Not Applicable,99,Unknown,99,Unknown,99,Unknown EMS Scene Arrival Hour,99,Unknown EMS Scene Arrival Minutes,99,Unknown,99,Unknown EMS Hospital Arrival Time,,,,,,,1,
2022,35,350235,New Mexico,3,3,0,0,0,4,4,1,BERNALILLO (1),9997,Other,10,10,8,August,2022,4,Wednesday,5,5:00am-5:59am,43,43,0,This section IS NOT on the NHS,1,Rural,5,Major Collector,62,Bureau of Indian Affairs,9,Unknown,BIA-0056,,99998,Not Reported,35.06373333,35.06373333,-107.099144440,-107.09914444,3,Indian Reservation,12,Motor Vehicle In-Transport,7,Sideswipe - Same Direction,0,No,1,Non-Junction,1,Not an Intersection,0,None,,,1,On Roadway,1,Daylight,,,,,1,Clear,0,No,0000000,Not Applicable,99,Unknown,99,Unknown,99,Unknown EMS Scene Arrival Hour,99,Unknown EMS Scene Arrival Minutes,99,Unknown,99,Unknown EMS Hospital Arrival Time,,,,,,,1,
2022,35,350236,New Mexico,2,1,1,0,0,1,1,41,ROOSEVELT (41),640,PORTALES,10,10,8,August,2022,4,Wednesday,16,4:00pm-4:59pm,20,20,0,This section IS NOT on the NHS,1,Rural,5,Major Collector,1,State Highway Agency,3,State Highway,SR-88,,99998,Not Reported,34.14246389,34.14246389,-103.248025000,-103.24802500,0,No Special Jurisdiction,14,Parked Motor Vehicle,0,The First Harmful Event was Not a Collision with a Motor Vehicle in Transport,0,No,1,Non-Junction,1,Not an Intersection,3,Utility,,,4,On Roadside,1,Daylight,,,,,1,Clear,0,No,0000000,Not Applicable,99,Unknown,99,Unknown,99,Unknown EMS Scene Arrival Hour,99,Unknown EMS Scene Arrival Minutes,88,"Not Applicable (Not Transported) ",88,Not Applicable (Not Transported),,,,,,,1,
2022,35,350237,New Mexico,1,1,0,0,0,1,1,25,LEA (25),410,HOBBS,11,11,8,August,2022,5,Thursday,0,0:00am-0:59am,17,17,0,This section IS NOT on the NHS,1,Rural,4,Minor Arterial,4,City or Municipal Highway Agency,6,Local Street - Municipality,S WEST COUNTY RD,,99998,Not Reported,32.66883056,32.66883056,-103.178261110,-103.17826111,0,No Special Jurisdiction,24,Guardrail Face,0,The First Harmful Event was Not a Collision with a Motor Vehicle in Transport,0,No,1,Non-Junction,1,Not an Intersection,0,None,,,4,On Roadside,2,Dark - Not Lighted,,,,,1,Clear,0,No,0000000,Not Applicable,99,Unknown,98,Unknown if Notified,99,Unknown EMS Scene Arrival Hour,98,Unknown if Arrived,88,"Not Applicable (Not Transported) ",88,Not Applicable (Not Transported),,,,,,,1,
2022,35,350238,New Mexico,2,2,0,0,0,2,2,25,LEA (25),0,NOT APPLICABLE,11,11,8,August,2022,5,Thursday,20,8:00pm-8:59pm,10,10,0,This section IS NOT on the NHS,1,Rural,5,Major Collector,1,State Highway Agency,3,State Highway,SR-128,,99998,Not Reported,32.21035556,32.21035556,-103.592127780,-103.59212778,0,No Special Jurisdiction,12,Motor Vehicle In-Transport,2,Front-to-Front,0,No,1,Non-Junction,1,Not an Intersection,0,None,,,1,On Roadway,2,Dark - Not Lighted,,,,,10,Cloudy,0,No,0000000,Not Applicable,99,Unknown,99,Unknown,99,Unknown EMS Scene Arrival Hour,99,Unknown EMS Scene Arrival Minutes,88,"Not Applicable (Not Transported) ",88,Not Applicable (Not Transported),,,,,,,1,
2022,35,350239,New Mexico,1,1,0,0,0,1,1,37,QUAY (37),0,NOT APPLICABLE,13,13,8,August,2022,7,Saturday,16,4:00pm-4:59pm,55,55,0,This section IS NOT on the NHS,1,Rural,7,Local,2,County Highway Agency,4,County Road,CR- QUAY RD AI,,99998,Not Reported,35.22597222,35.22597222,-103.613500000,-103.61350000,0,No Special Jurisdiction,1,Rollover/Overturn,0,The First Harmful Event was Not a Collision with a Motor Vehicle in Transport,0,No,1,Non-Junction,1,Not an Intersection,0,None,,,4,On Roadside,1,Daylight,,,,,1,Clear,0,No,0000000,Not Applicable,99,Unknown,98,Unknown if Notified,99,Unknown EMS Scene Arrival Hour,98,Unknown if Arrived,88,"Not Applicable (Not Transported) ",88,Not Applicable (Not Transported),,,,,,,1,
2022,35,350240,New Mexico,1,1,0,0,0,5,5,53,SOCORRO (53),0,NOT APPLICABLE,13,13,8,August,2022,7,Saturday,12,12:00pm-12:59pm,30,30,1,This section IS ON the NHS,1,Rural,1,Interstate,1,State Highway Agency,1,Interstate,I-25,,99998,Not Reported,34.25413056,34.25413056,-106.908444440,-106.90844444,0,No Special Jurisdiction,1,Rollover/Overturn,0,The First Harmful Event was Not a Collision with a Motor Vehicle in Transport,0,No,1,Non-Junction,1,Not an Intersection,0,None,,,4,On Roadside,1,Daylight,,,,,1,Clear,0,No,0000000,Not Applicable,99,Unknown,99,Unknown,99,Unknown EMS Scene Arrival Hour,99,Unknown EMS Scene Arrival Minutes,99,Unknown,99,Unknown EMS Hospital Arrival Time,,,,,,,1,
2022,35,350241,New Mexico,1,1,0,1,1,1,1,41,ROOSEVELT (41),640,PORTALES,18,18,8,August,2022,5,Thursday,12,12:00pm-12:59pm,0,0,0,This section IS NOT on the NHS,1,Rural,7,Local,2,County Highway Agency,4,County Road,CR-S ROOSEVELT RD H,,99998,Not Reported,34.11097222,34.11097222,-103.165391670,-103.16539167,0,No Special Jurisdiction,8,Pedestrian,0,The First Harmful Event was Not a Collision with a Motor Vehicle in Transport,0,No,8,Driveway Access Related,1,Not an Intersection,0,None,,,2,On Shoulder,1,Daylight,,,,,2,Rain,0,No,0000000,Not Applicable,99,Unknown,99,Unknown,99,Unknown EMS Scene Arrival Hour,99,Unknown EMS Scene Arrival Minutes,99,Unknown,99,Unknown EMS Hospital Arrival Time,,,,,,,1,
2022,35,350242,New Mexico,2,2,0,0,0,5,5,9,CURRY (9),190,CLOVIS,20,20,8,August,2022,7,Saturday,18,6:00pm-6:59pm,30,30,0,This section IS NOT on the NHS,1,Rural,7,Local,2,County Highway Agency,4,County Road,CR-CURRY RD K,CR-CURRY RD 14,99998,Not Reported,34.46297500,34.46297500,-103.214036110,-103.21403611,0,No Special Jurisdiction,12,Motor Vehicle In-Transport,6,Angle,0,No,2,Intersection,4,Y-Intersection,0,None,,,1,On Roadway,1,Daylight,,,,,2,Rain,0,No,0000000,Not Applicable,99,Unknown,99,Unknown,99,Unknown EMS Scene Arrival Hour,99,Unknown EMS Scene Arrival Minutes,99,Unknown,99,Unknown EMS Hospital Arrival Time,,,,,,,1,
2022,35,350243,New Mexico,2,2,0,0,0,2,2,49,SANTA FE (49),710,SANTA FE,19,19,8,August,2022,6,Friday,14,2:00pm-2:59pm,6,6,1,This section IS ON the NHS,2,Urban,3,Principal Arterial - Other,1,State Highway Agency,3,State Highway,SR-300,,99998,Not Reported,35.63822500,35.63822500,-106.014713890,-106.01471389,0,No Special Jurisdiction,12,Motor Vehicle In-Transport,6,Angle,0,No,8,Driveway Access Related,1,Not an Intersection,0,None,,,1,On Roadway,1,Daylight,,,,,1,Clear,0,No,0000000,Not Applicable,99,Unknown,99,Unknown,99,Unknown EMS Scene Arrival Hour,99,Unknown EMS Scene Arrival Minutes,99,Unknown,99,Unknown EMS Hospital Arrival Time,,,,,,,1,